Date,Close,Volume,Open,High,Low
02-01-2015,46.76,27843560,46.66,47.42,46.54
05-01-2015,46.325,39667400,46.37,46.73,46.25
06-01-2015,45.65,36434980,46.38,46.749,45.54
07-01-2015,46.23,29103920,45.98,46.46,45.49
08-01-2015,47.59,29634030,46.75,47.7499,46.72
09-01-2015,47.19,23942750,47.61,47.82,46.9
12-01-2015,46.6,23623970,47.42,47.54,46.36
13-01-2015,46.355,35258300,46.97,47.91,46.06
14-01-2015,45.955,29713190,45.96,46.24,45.62
15-01-2015,45.48,32744260,46.22,46.38,45.41
16-01-2015,46.24,35683380,45.31,46.28,45.17
20-01-2015,46.39,36121800,46.3,46.65,45.57
21-01-2015,45.92,37113740,45.94,46.14,45.48
22-01-2015,47.13,35842790,46.38,47.135,46.08
23-01-2015,47.18,26136690,47.36,47.39,46.8
26-01-2015,47.01,40995700,47,47.1339,46.2399
27-01-2015,42.66,169115000,42.95,43.2,42.105
28-01-2015,41.19,84453280,42.74,42.79,41.16
29-01-2015,42.01,63551980,40.93,42.12,40.79
30-01-2015,40.4,77983360,41.55,41.58,40.35
02-02-2015,41.28,50274250,40.59,41.37,40.23
03-02-2015,41.6,52068450,41.63,41.93,41.045
04-02-2015,41.84,41585310,41.94,42.21,41.36
05-02-2015,42.45,36543020,42.22,42.64,41.855
06-02-2015,42.41,34612420,42.68,42.79,42.15
09-02-2015,42.36,27416280,42.24,42.74,42.21
10-02-2015,42.6,29655280,42.74,42.77,42.18
11-02-2015,42.38,38248500,42.65,42.65,42.21
12-02-2015,43.09,33238000,42.66,43.09,42.51
13-02-2015,43.87,40112080,43.38,43.87,43.15
17-02-2015,43.58,33692870,43.97,44,43.19
18-02-2015,43.53,27105640,43.63,43.7,43.39
19-02-2015,43.5,27598050,43.18,43.5263,43.05
20-02-2015,43.855,29710140,43.51,43.88,43.29
23-02-2015,44.15,32510550,43.7,44.19,43.65
24-02-2015,44.09,25262080,44.15,44.3,43.92
25-02-2015,43.99,29749090,43.95,44.09,43.8
26-02-2015,44.055,26524300,43.99,44.23,43.89
27-02-2015,43.85,33784370,44.13,44.2,43.66
02-03-2015,43.88,31766030,43.67,44.19,43.55
03-03-2015,43.28,31685600,43.56,43.825,43.09
04-03-2015,43.055,25746840,43.01,43.21,42.88
05-03-2015,43.11,23176110,43.07,43.24,42.82
06-03-2015,42.36,36120570,43,43.11,42.15
09-03-2015,42.85,32106530,42.19,43.125,42.19
10-03-2015,42.03,39158290,42.35,42.71,42.03
11-03-2015,41.98,32214780,42.31,42.37,41.84
12-03-2015,41.02,59984700,41.33,41.65,40.86
13-03-2015,41.38,57972120,40.7,41.47,40.61
16-03-2015,41.56,35257510,41.47,41.64,41.28
17-03-2015,41.695,31669340,41.37,41.83,41.15
18-03-2015,42.5,44178520,41.43,42.83,41.33
19-03-2015,42.285,33836100,42.26,42.59,42.22
20-03-2015,42.88,71754700,42.56,42.98,42.49
23-03-2015,42.855,26233420,42.88,43.13,42.78
24-03-2015,42.9,25453110,42.78,43.17,42.75
25-03-2015,41.46,43427180,42.92,42.925,41.44
26-03-2015,41.21,37483900,41.22,41.61,40.92
27-03-2015,40.97,33980410,41.12,41.43,40.83
30-03-2015,40.96,34999850,41.1,41.54,40.91
31-03-2015,40.655,34884740,40.78,41.03,40.54
01-04-2015,40.72,36841010,40.6,40.76,40.31
02-04-2015,40.29,37483000,40.66,40.74,40.12
06-04-2015,41.545,39161760,40.34,41.78,40.18
07-04-2015,41.53,28808840,41.61,41.91,41.31
08-04-2015,41.42,24699710,41.46,41.69,41.04
09-04-2015,41.48,25722630,41.25,41.62,41.25
10-04-2015,41.72,27856770,41.63,41.95,41.41
13-04-2015,41.76,30270750,41.4,42.06,41.39
14-04-2015,41.65,24238760,41.8,42.03,41.39
15-04-2015,42.255,27307270,41.76,42.46,41.68
16-04-2015,42.16,22425300,41.95,42.34,41.82
17-04-2015,41.615,41912450,41.67,41.74,41.16
20-04-2015,42.905,46051240,41.73,43.17,41.68
21-04-2015,42.635,26004920,43,43.15,42.53
22-04-2015,42.985,25032050,42.67,43.13,42.55
23-04-2015,43.34,45445510,42.89,43.61,42.8
24-04-2015,47.87,130885200,45.66,48.14,45.65
27-04-2015,48.03,58950840,47.23,48.13,47.22
28-04-2015,49.155,59860670,47.78,49.21,47.7
29-04-2015,49.06,47665440,48.72,49.31,48.5
30-04-2015,48.64,64127280,48.7,49.54,48.6
01-05-2015,48.655,36432670,48.58,48.875,48.4
04-05-2015,48.24,33986240,48.37,48.87,48.18
05-05-2015,47.6,50364250,47.82,48.16,47.31
06-05-2015,46.28,52416760,47.57,47.77,46.02
07-05-2015,46.7,32940820,46.27,47.085,46.16
08-05-2015,47.75,35060430,47.55,47.98,47.52
11-05-2015,47.37,24608910,47.55,47.91,47.37
12-05-2015,47.35,29927160,46.85,47.68,46.42
13-05-2015,47.625,34182750,48.19,48.32,47.57
14-05-2015,48.72,32956260,48.03,48.82,48.03
15-05-2015,48.295,28628370,48.87,48.905,48.05
18-05-2015,48.01,23918020,47.98,48.22,47.61
19-05-2015,47.58,28181300,47.56,47.81,47.18
20-05-2015,47.58,25035330,47.39,47.93,47.27
21-05-2015,47.42,22399100,47.28,47.6,47.005
22-05-2015,46.9,25700240,47.3,47.35,46.82
26-05-2015,46.59,29556430,46.83,46.88,46.19
27-05-2015,47.61,27333730,46.82,47.77,46.62
28-05-2015,47.45,19282810,47.5,48.02,47.39
29-05-2015,46.86,36497290,47.43,47.57,46.59
01-06-2015,47.23,28610080,47.06,47.77,46.62
02-06-2015,46.92,21484660,46.93,47.35,46.62
03-06-2015,46.85,28000370,47.37,47.735,46.82
04-06-2015,46.36,27474500,46.79,47.16,46.2
05-06-2015,46.14,25434870,46.31,46.52,45.84
08-06-2015,45.73,22108100,46.3,46.43,45.67
09-06-2015,45.65,24395800,45.76,45.94,45.46
10-06-2015,46.61,28416030,45.79,46.83,45.69
11-06-2015,46.44,27290100,46.66,46.92,46.13
12-06-2015,45.97,23916080,46.22,46.47,45.9
15-06-2015,45.475,33227000,45.45,45.65,45.0201
16-06-2015,45.83,26895950,45.35,46.24,45.3
17-06-2015,45.97,28683290,45.73,46.07,45.36
18-06-2015,46.72,32586480,46.22,46.8,46.17
19-06-2015,46.1,63733110,46.79,46.825,45.99
22-06-2015,46.23,20300480,46.33,46.72,46.16
23-06-2015,45.91,25881850,46.13,46.28,45.62
24-06-2015,45.635,34849400,45.67,46.245,45.55
25-06-2015,45.65,20599990,46.03,46.06,45.5
26-06-2015,45.26,49757070,45.65,46.28,45.03
29-06-2015,44.37,34004400,45.04,45.23,44.36
30-06-2015,44.15,35943040,44.71,44.72,43.94
01-07-2015,44.445,28339610,44.46,45.23,44.1
02-07-2015,44.4,21743250,44.48,44.75,44.06
06-07-2015,44.39,23025750,43.96,44.48,43.95
07-07-2015,44.3,36420230,44.34,44.49,43.32
08-07-2015,44.24,39761460,44.44,44.9,44.03
09-07-2015,44.52,32404100,44.75,45.22,44.5
10-07-2015,44.61,25365530,45.01,45.14,44.57
13-07-2015,45.54,27875670,44.975,45.62,44.9501
14-07-2015,45.62,22865770,45.45,45.96,45.31
15-07-2015,45.76,26619810,45.68,45.89,45.43
16-07-2015,46.66,26254220,46.01,46.69,45.965
17-07-2015,46.62,29454740,46.55,46.78,46.26
20-07-2015,46.92,30607770,46.65,47.13,46.44
21-07-2015,47.28,42211210,46.78,47.33,46.48
22-07-2015,45.54,59039160,45.44,46.93,45.203
23-07-2015,46.11,33708200,45.27,46.23,45.1
24-07-2015,45.94,32304070,45.91,46.32,45.8
27-07-2015,45.35,39472930,45.94,46.01,45.25
28-07-2015,45.34,34309080,45.58,45.639,44.79
29-07-2015,46.29,40924210,45.4,46.78,45.26
30-07-2015,46.88,39755700,46.26,47.4,45.93
31-07-2015,46.7,31192430,47.29,47.37,46.5
03-08-2015,46.81,23919340,46.98,47,46.45
04-08-2015,47.54,33306110,46.75,47.71,46.68
05-08-2015,47.58,27003740,47.98,48.41,47.54
06-08-2015,46.62,27344040,47.71,47.77,46.33
07-08-2015,46.74,19158590,46.39,46.78,46.26
10-08-2015,47.33,23045530,46.95,47.49,46.84
11-08-2015,46.41,28757610,46.82,46.94,45.9
12-08-2015,46.74,30184710,46.19,46.9,45.705
13-08-2015,46.73,22612650,47.06,47.1,46.49
14-08-2015,47,21460830,46.53,47.1,46.52
17-08-2015,47.32,21039660,46.81,47.45,46.57
18-08-2015,47.27,23572990,46.84,47.43,46.7
19-08-2015,46.61,31472060,46.78,47.08,46.3
20-08-2015,45.66,36176380,46.07,46.47,45.66
21-08-2015,43.07,69463900,45.3,45.48,43.07
24-08-2015,41.68,88489910,40.45,43.31,39.72
25-08-2015,40.47,70369920,42.565,43.24,40.39
26-08-2015,42.71,63297300,42.01,42.84,41.06
27-08-2015,43.9,50612610,43.23,43.95,42.925
28-08-2015,43.93,28243230,43.4,44.15,43.39
31-08-2015,43.52,34434480,43.56,43.93,43.1
01-09-2015,41.82,49682210,42.17,42.59,41.66
02-09-2015,43.36,37624230,42.36,43.38,41.88
03-09-2015,43.5,28206410,43.41,43.98,43.28
04-09-2015,42.61,37019110,42.81,43.04,42.195
08-09-2015,43.89,32411680,43.3,44,43.2
09-09-2015,43.07,33448580,44.21,44.4,42.91
10-09-2015,43.29,31313520,43.12,43.79,42.745
11-09-2015,43.48,26475350,43.14,43.59,42.9399
14-09-2015,43.04,23654490,43.43,43.44,42.86
15-09-2015,43.98,28831030,43.19,44.29,43.08
16-09-2015,44.3,23337620,43.97,44.38,43.84
17-09-2015,44.25,29908540,44.29,45,44.08
18-09-2015,43.48,63000180,43.5,43.99,43.33
21-09-2015,44.11,26084680,43.62,44.47,43.6
22-09-2015,43.9,28060540,43.38,44.05,43.31
23-09-2015,43.87,17099600,43.93,44.17,43.51
24-09-2015,43.91,27867010,43.45,44.13,43.27
25-09-2015,43.94,29378050,44.48,44.73,43.76
28-09-2015,43.29,27454240,43.83,44.085,43.205
29-09-2015,43.44,32748610,43.37,43.57,43.05
30-09-2015,44.26,34944070,43.88,44.3,43.66
01-10-2015,44.61,28564790,44.75,44.75,43.75
02-10-2015,45.57,41789610,44.27,45.57,43.92
05-10-2015,46.63,33546080,45.745,46.89,45.7
06-10-2015,46.75,27504360,46.33,47.175,46.22
07-10-2015,46.8,27695610,47.1,47.35,45.95
08-10-2015,47.45,33733860,46.56,47.515,46.5
09-10-2015,47.11,28581690,47.45,47.54,46.92
12-10-2015,47,19756420,46.98,47.07,46.5
13-10-2015,46.89,19985330,46.56,47.1299,46.56
14-10-2015,46.68,24693460,46.65,47.1,46.53
15-10-2015,47.01,27155510,47.01,47.03,46.53
16-10-2015,47.51,25845550,47.02,47.54,46.897
19-10-2015,47.62,29357660,47.42,47.88,47.02
20-10-2015,47.77,30794100,47.44,47.81,47.02
21-10-2015,47.2,25222760,47.92,47.99,47.11
22-10-2015,48.03,55888280,47.53,48.95,47.09
23-10-2015,52.87,135152900,52.3,54.07,52.25
26-10-2015,54.25,64541790,52.53,54.32,52.5
27-10-2015,53.69,50959580,53.99,54.37,53.58
28-10-2015,53.98,46948360,53.54,53.98,52.86
29-10-2015,53.36,30109050,53.54,53.83,53.22
30-10-2015,52.64,46602700,53.32,53.99,52.62
02-11-2015,53.24,30229020,52.85,53.36,52.62
03-11-2015,54.15,36584100,52.93,54.39,52.9
04-11-2015,54.4,37084780,54.18,54.88,54.06
05-11-2015,54.38,31466080,54.49,54.7,54
06-11-2015,54.92,32835100,54.085,54.98,53.964
09-11-2015,54.16,32498870,54.55,54.87,53.56
10-11-2015,53.51,55268090,54.07,54.13,53.27
11-11-2015,53.65,34010630,53.7,54.2,53.46
12-11-2015,53.32,35304350,53.48,53.9791,53.19
13-11-2015,52.84,36796370,53.07,53.29,52.53
16-11-2015,53.765,31944340,53.08,53.89,52.85
17-11-2015,52.97,31546750,53.17,53.53,52.85
18-11-2015,53.85,29125950,53,53.98,52.9799
19-11-2015,53.94,28141820,53.99,54.66,53.781
20-11-2015,54.19,37106670,54.25,54.3,53.265
23-11-2015,54.19,28218110,54.25,54.46,53.75
24-11-2015,54.25,24589530,53.92,54.44,53.58
25-11-2015,53.69,20987820,54.09,54.23,53.69
27-11-2015,53.93,9009132,53.8,54.08,53.79
30-11-2015,54.35,54403560,54.54,54.96,53.9999
01-12-2015,55.22,39912320,54.41,55.23,54.3
02-12-2015,55.21,47249030,55.32,55.96,55.06
03-12-2015,54.2,38625370,55.49,55.77,53.93
04-12-2015,55.91,43954660,54.12,56.23,54.1
07-12-2015,55.81,30704980,55.79,55.97,55.29
08-12-2015,55.79,32752860,55.47,56.1,54.99
09-12-2015,54.98,36359780,55.37,55.87,54.51
10-12-2015,55.27,31771820,55.39,55.655,55.01
11-12-2015,54.06,39535140,54.71,55.1,54.01
14-12-2015,55.14,46963970,54.33,55.21,53.68
15-12-2015,55.2,39678290,55.66,55.9,55.09
16-12-2015,56.13,37473420,55.54,56.245,54.76
17-12-2015,55.7,41244620,56.36,56.79,55.5348
18-12-2015,54.13,84141520,55.77,56,54.03
21-12-2015,54.83,37221910,54.88,55.35,54.2262
22-12-2015,55.35,28305310,54.99,55.48,54.5
23-12-2015,55.82,27269200,55.7,55.88,55.44
24-12-2015,55.67,9570002,55.86,55.96,55.43
28-12-2015,55.95,21704030,55.35,55.95,54.98
29-12-2015,56.55,27727810,56.29,56.85,56.06
30-12-2015,56.31,21690270,56.47,56.78,56.2875
31-12-2015,55.48,27329930,56.04,56.19,55.42
04-01-2016,54.8,53209740,54.32,54.8,53.39
05-01-2016,55.05,34059040,54.93,55.39,54.54
06-01-2016,54.05,39498780,54.32,54.4001,53.64
07-01-2016,52.17,56497950,52.7,53.485,52.07
08-01-2016,52.33,48718970,52.37,53.28,52.15
11-01-2016,52.3,36889200,52.51,52.85,51.46
12-01-2016,52.78,36061760,52.76,53.1,52.06
13-01-2016,51.64,66862860,53.8,54.07,51.3038
14-01-2016,53.11,52227000,52,53.4163,51.57
15-01-2016,50.99,71037400,51.31,51.97,50.34
19-01-2016,50.56,43484630,51.48,51.68,50.06
20-01-2016,50.79,63249630,49.98,51.38,49.1
21-01-2016,50.48,40172530,51,51.58,50.3
22-01-2016,52.29,36881330,51.41,52.33,51.26
25-01-2016,51.79,34654900,51.94,52.65,51.65
26-01-2016,52.17,28768620,51.79,52.44,51.55
27-01-2016,51.22,36647310,52.01,52.2,51.0201
28-01-2016,52.055,61275100,51.86,52.21,51.25
29-01-2016,55.09,83559310,54.73,55.09,54
01-02-2016,54.71,44172930,54.88,55.09,54.495
02-02-2016,53,55388320,54.17,54.26,52.65
03-02-2016,52.16,57526850,53.25,53.39,51.26
04-02-2016,52,46967100,52.1,52.81,51.37
05-02-2016,50.16,61262540,51.94,52,49.56
08-02-2016,49.41,58393070,49.55,49.57,48.19
09-02-2016,49.28,46589450,49.02,50.24,48.67
10-02-2016,49.71,38220450,49.89,50.39,49.52
11-02-2016,49.69,48855890,48.68,50.11,48.51
12-02-2016,50.5,34216160,50.25,50.68,49.75
16-02-2016,51.09,36460400,50.9,51.09,50.13
17-02-2016,52.42,40779580,51.49,52.77,51.45
18-02-2016,52.19,27016950,52.33,52.95,52.1
19-02-2016,51.82,33531580,51.97,52.28,51.53
22-02-2016,52.65,24992030,52.28,53,52.28
23-02-2016,51.18,28866480,52.34,52.37,50.98
24-02-2016,51.36,32918630,50.69,51.5,50.2
25-02-2016,52.1,26906570,51.73,52.1,50.61
26-02-2016,51.3,35945290,52.6,52.68,51.1
29-02-2016,50.88,31632160,51.35,51.65,50.66
01-03-2016,52.58,32999880,50.97,52.59,50.9199
02-03-2016,52.95,29269240,52.41,52.96,52.155
03-03-2016,52.35,24423260,52.97,52.97,51.78
04-03-2016,52.03,33033010,52.4,52.45,51.71
07-03-2016,51.03,38426220,51.56,51.8,50.58
08-03-2016,51.65,33822940,50.8,52.13,50.595
09-03-2016,52.84,28238270,51.89,52.85,51.855
10-03-2016,52.05,38385600,52.93,52.94,51.16
11-03-2016,53.07,32267360,53,53.07,52.38
14-03-2016,53.17,24079770,52.71,53.59,52.63
15-03-2016,53.59,21011480,52.75,53.59,52.74
16-03-2016,54.35,31679130,53.45,54.6,53.4
17-03-2016,54.66,28193010,54.21,55,54
18-03-2016,53.49,67622520,54.92,54.97,53.445
21-03-2016,53.86,23920160,53.25,53.9298,52.93
22-03-2016,54.07,23105140,53.61,54.25,53.46
23-03-2016,53.97,20123800,54.11,54.24,53.74
24-03-2016,54.21,18967510,53.84,54.33,53.73
28-03-2016,53.54,17018120,54.21,54.29,53.33
29-03-2016,54.71,23913950,53.66,54.86,53.45
30-03-2016,55.05,22992090,54.93,55.64,54.9
31-03-2016,55.23,26353570,54.95,55.59,54.86
01-04-2016,55.57,24383590,55.05,55.61,54.57
04-04-2016,55.43,18908300,55.43,55.66,55
05-04-2016,54.56,19261620,55.19,55.3,54.46
06-04-2016,55.12,21072150,54.36,55.2,54.21
07-04-2016,54.46,19221270,54.87,54.91,54.23
08-04-2016,54.42,22159630,54.67,55.28,54.32
11-04-2016,54.31,21400400,54.49,55.15,54.3
12-04-2016,54.65,24874410,54.37,54.78,53.76
13-04-2016,55.35,20813640,55.12,55.4375,54.89
14-04-2016,55.36,20875260,55.22,55.575,55.07
15-04-2016,55.65,28462970,55.3,55.92,55.11
18-04-2016,56.46,23758570,55.49,56.59,55.21
19-04-2016,56.39,29566220,56.63,56.77,55.68
20-04-2016,55.59,36169280,56.29,56.5,55.485
21-04-2016,55.78,38182900,55.8,56.23,55.415
22-04-2016,51.78,126793100,51.91,52.4297,50.77
25-04-2016,52.11,33124870,51.78,52.13,51.63
26-04-2016,51.44,33513780,52.26,52.35,51.09
27-04-2016,50.94,43301480,51.48,51.5,50.55
28-04-2016,49.9,43108350,50.62,50.77,49.56
29-04-2016,49.87,48391580,49.35,50.25,49.35
02-05-2016,50.61,33105170,50,50.75,49.7799
03-05-2016,49.78,26445230,50.34,50.41,49.6
04-05-2016,49.87,24249670,49.84,50.06,49.46
05-05-2016,49.94,25386690,49.87,50.3,49.73
06-05-2016,50.39,24772020,49.92,50.39,49.66
09-05-2016,50.07,17883360,50.49,50.585,50
10-05-2016,51.02,22871860,50.33,51.1,50.19
11-05-2016,51.05,24026140,51.13,51.78,51
12-05-2016,51.51,24101640,51.2,51.81,50.92
13-05-2016,51.08,22439560,51.44,51.895,51.04
16-05-2016,51.83,19962750,50.8,51.96,50.75
17-05-2016,50.51,27790370,51.72,51.73,50.36
18-05-2016,50.81,24861480,50.48,51.14,50.3
19-05-2016,50.32,23784750,50.47,50.62,49.82
20-05-2016,50.62,23770620,50.48,51.22,50.4
23-05-2016,50.03,26110160,50.6,50.68,49.98
24-05-2016,51.59,34726410,50.7,51.71,50.4
25-05-2016,52.12,24176970,51.92,52.49,51.79
26-05-2016,51.89,24308620,51.93,51.9793,51.36
27-05-2016,52.32,17671620,51.92,52.32,51.77
31-05-2016,53,37461550,52.26,53,52.08
01-06-2016,52.85,25104350,52.44,52.95,52.44
02-06-2016,52.48,22682220,52.64,52.74,51.835
03-06-2016,51.79,23254530,52.38,52.42,51.6
06-06-2016,52.13,18137760,51.99,52.35,51.89
07-06-2016,52.1,20798030,52.24,52.73,52.1
08-06-2016,52.04,21127190,52.02,52.44,51.87
09-06-2016,51.62,20303990,52,52,51.49
10-06-2016,51.48,25833020,51.05,52.05,51.04
13-06-2016,50.14,83206230,49.58,50.715,49.06
14-06-2016,49.83,42568290,49.9,50.1,49.57
15-06-2016,49.69,33718830,49.78,50.12,49.69
16-06-2016,50.39,31104460,49.52,50.47,49.5068
17-06-2016,50.13,45675100,50.41,50.43,49.82
20-06-2016,50.07,35597220,50.64,50.83,50.03
21-06-2016,51.19,34075570,50.2,51.43,50.16
22-06-2016,50.99,28801660,51.08,51.46,50.9525
23-06-2016,51.91,28960330,51.28,52.06,51.15
24-06-2016,49.83,133456500,49.81,50.94,49.52
27-06-2016,48.43,50308070,49.1,49.1466,48.035
28-06-2016,49.44,38132040,48.92,49.47,48.67
29-06-2016,50.54,31287260,49.91,50.72,49.8
30-06-2016,51.17,28524020,50.72,51.3,50.5
01-07-2016,51.16,21398770,51.13,51.72,51.07
05-07-2016,51.17,24781550,50.83,51.28,50.74
06-07-2016,51.38,28165990,50.78,51.54,50.39
07-07-2016,51.38,19582210,51.42,51.61,51.07
08-07-2016,52.3,28390820,51.73,52.36,51.55
11-07-2016,52.59,21894550,52.5,52.83,52.47
12-07-2016,53.21,27312600,52.94,53.4,52.785
13-07-2016,53.51,25334860,53.56,53.86,53.18
14-07-2016,53.74,24535370,53.84,53.99,53.58
15-07-2016,53.7,31986450,53.95,54,53.21
18-07-2016,53.96,31087650,53.7,54.34,53.55
19-07-2016,53.09,51870970,53.71,53.9,52.93
20-07-2016,55.91,89835200,56.15,56.84,55.53
21-07-2016,55.8,32752350,55.98,56.23,55.76
22-07-2016,56.57,31900840,56.08,56.6275,55.78
25-07-2016,56.73,24313330,56.47,56.74,56.255
26-07-2016,56.76,28028820,56.52,57.29,56.51
27-07-2016,56.19,32283520,56.61,56.8,56.11
28-07-2016,56.21,37246140,56,56.37,55.72
29-07-2016,56.68,30556950,56.26,56.76,56.05
01-08-2016,56.58,26003110,56.6,56.75,56.14
02-08-2016,56.58,35115250,56.85,56.9,56.31
03-08-2016,56.97,22069790,56.68,57.11,56.49
04-08-2016,57.39,26485600,56.8,57.5193,56.67
05-08-2016,57.96,28804780,57.65,58.21,57.45
08-08-2016,58.06,19459340,58.055,58.085,57.78
09-08-2016,58.2,16891750,58.17,58.5,58.02
10-08-2016,58.02,15702720,58.16,58.32,57.82
11-08-2016,58.3,18161190,58.03,58.45,58.03
12-08-2016,57.94,21646690,58.03,58.19,57.62
15-08-2016,58.12,18764820,58.01,58.5,57.96
16-08-2016,57.44,20452960,57.61,57.62,57.27
17-08-2016,57.56,18798940,57.54,57.68,57.23
18-08-2016,57.6,14211810,57.42,57.7,57.27
19-08-2016,57.62,17271010,57.43,57.73,57.2
22-08-2016,57.67,15215880,57.6,57.75,57.26
23-08-2016,57.89,18722560,57.9,58.18,57.85
24-08-2016,57.95,17118420,57.8,58.04,57.715
25-08-2016,58.17,18551890,57.88,58.29,57.78
26-08-2016,58.03,20935160,58.28,58.7,57.69
29-08-2016,58.1,16388470,58.18,58.6,58.1
30-08-2016,57.89,16900190,57.98,58.19,57.61
31-08-2016,57.46,20844280,57.65,57.8,57.3
01-09-2016,57.59,26053530,57.01,57.82,57.01
02-09-2016,57.67,18897210,57.67,58.19,57.42
06-09-2016,57.61,16264890,57.78,57.8,57.21
07-09-2016,57.66,17484810,57.47,57.84,57.405
08-09-2016,57.43,20109050,57.63,57.79,57.18
09-09-2016,56.21,35026930,56.79,57.52,56.21
12-09-2016,57.05,29266780,56,57.205,55.61
13-09-2016,56.53,30062330,56.5,56.65,56.05
14-09-2016,56.26,24265700,56.39,56.63,56.03
15-09-2016,57.19,27049520,56.15,57.35,55.98
16-09-2016,57.25,44603890,57.63,57.63,56.75
19-09-2016,56.93,20919450,57.27,57.75,56.85
20-09-2016,56.81,17347740,57.35,57.35,56.75
21-09-2016,57.76,33623490,57.51,57.85,57.08
22-09-2016,57.82,19821760,57.92,58,57.63
23-09-2016,57.43,19941140,57.87,57.91,57.38
26-09-2016,56.9,21184750,57.08,57.14,56.83
27-09-2016,57.95,28029780,56.93,58.06,56.681
28-09-2016,58.03,20523320,57.88,58.06,57.67
29-09-2016,57.4,25389600,57.81,58.1679,57.21
30-09-2016,57.6,29877820,57.57,57.77,57.34
03-10-2016,57.42,19156410,57.405,57.55,57.06
04-10-2016,57.24,20061950,57.27,57.595,56.97
05-10-2016,57.64,16708620,57.29,57.9601,57.26
06-10-2016,57.74,16194470,57.74,57.86,57.28
07-10-2016,57.8,20062440,57.85,57.98,57.42
10-10-2016,58.04,18085830,57.91,58.39,57.87
11-10-2016,57.19,26483780,57.89,58.02,56.89
12-10-2016,57.11,22157100,57.11,57.27,56.4
13-10-2016,56.92,25217590,56.7,57.3,56.315
14-10-2016,57.42,27221480,57.12,57.74,57.12
17-10-2016,57.22,23829490,57.36,57.46,56.87
18-10-2016,57.66,18862790,57.53,57.945,57.41
19-10-2016,57.53,22840410,57.47,57.84,57.395
20-10-2016,57.25,48880910,57.5,57.52,56.66
21-10-2016,59.66,80008400,60.28,60.45,59.485
24-10-2016,61,54039610,59.94,61,59.93
25-10-2016,60.99,35119480,60.85,61.3699,60.8
26-10-2016,60.63,29908240,60.81,61.2,60.47
27-10-2016,60.1,28444550,60.61,60.83,60.09
28-10-2016,59.87,33569190,60.01,60.52,59.58
31-10-2016,59.92,26418340,60.16,60.42,59.92
01-11-2016,59.8,24474870,59.97,60.02,59.25
02-11-2016,59.43,22118490,59.82,59.93,59.3
03-11-2016,59.21,21448620,59.53,59.64,59.11
04-11-2016,58.71,28693430,58.65,59.28,58.52
07-11-2016,60.42,31652340,59.78,60.52,59.78
08-11-2016,60.47,22923800,60.55,60.78,60.15
09-11-2016,60.17,49588490,60,60.59,59.2
10-11-2016,58.7,57770560,60.48,60.49,57.6302
11-11-2016,59.02,35932400,58.23,59.116,58.01
14-11-2016,58.12,41248640,59.02,59.08,57.28
15-11-2016,58.87,35850360,58.33,59.49,58.315
16-11-2016,59.65,27329530,58.94,59.66,58.81
17-11-2016,60.64,32084890,60.41,60.95,59.965
18-11-2016,60.35,27210170,60.78,61.14,60.3
21-11-2016,60.86,19638240,60.5,60.97,60.42
22-11-2016,61.12,23205870,60.98,61.26,60.805
23-11-2016,60.4,21847500,61.01,61.1,60.25
25-11-2016,60.53,8409616,60.3,60.53,60.13
28-11-2016,60.61,20604370,60.34,61.02,60.21
29-11-2016,61.09,22365860,60.65,61.41,60.52
30-11-2016,60.26,34641520,60.86,61.18,60.215
01-12-2016,59.2,34518030,60.11,60.15,58.935
02-12-2016,59.25,25464230,59.08,59.47,58.8
05-12-2016,60.22,23552030,59.7,60.585,59.56
06-12-2016,59.95,19966340,60.43,60.46,59.8
07-12-2016,61.37,30807320,60.01,61.38,59.8
08-12-2016,61.01,21201400,61.3,61.58,60.84
09-12-2016,61.97,27337160,61.18,61.99,61.125
12-12-2016,62.17,20186390,61.82,62.3,61.72
13-12-2016,62.98,35072050,62.5,63.42,62.24
14-12-2016,62.68,30335770,63,63.45,62.53
15-12-2016,62.58,27661180,62.7,63.1535,62.3
16-12-2016,62.3,42452660,62.95,62.95,62.115
19-12-2016,63.62,34318500,62.56,63.77,62.42
20-12-2016,63.54,26017470,63.69,63.8,63.025
21-12-2016,63.54,17084370,63.43,63.7,63.12
22-12-2016,63.55,22175270,63.84,64.1,63.405
23-12-2016,63.24,12399540,63.45,63.54,62.8
27-12-2016,63.28,11743650,63.21,64.07,63.21
28-12-2016,62.99,14348340,63.4,63.4,62.83
29-12-2016,62.9,10248460,62.86,63.2,62.73
30-12-2016,62.14,25575720,62.96,62.99,62.03
03-01-2017,62.58,20655190,62.79,62.84,62.125
04-01-2017,62.3,21325140,62.48,62.75,62.12
05-01-2017,62.3,24866880,62.19,62.66,62.03
06-01-2017,62.84,19899270,62.3,63.15,62.04
09-01-2017,62.64,20374410,62.76,63.08,62.54
10-01-2017,62.62,18587170,62.73,63.07,62.28
11-01-2017,63.19,21503740,62.61,63.23,62.43
12-01-2017,62.61,20965490,63.06,63.4,61.95
13-01-2017,62.7,19421370,62.62,62.865,62.35
17-01-2017,62.53,20662940,62.68,62.7,62.03
18-01-2017,62.5,19666750,62.67,62.7,62.12
19-01-2017,62.3,18438530,62.24,62.98,62.195
20-01-2017,62.74,30067740,62.67,62.82,62.37
23-01-2017,62.96,23055910,62.7,63.1159,62.57
24-01-2017,63.52,24647260,63.2,63.735,62.94
25-01-2017,63.68,24480930,63.95,64.1,63.45
26-01-2017,64.27,42688490,64.12,64.535,63.55
27-01-2017,65.78,44806710,65.39,65.91,64.89
30-01-2017,65.13,31627120,65.69,65.79,64.8
31-01-2017,64.65,25258900,64.86,65.15,64.26
01-02-2017,63.58,39650890,64.355,64.62,63.47
02-02-2017,63.17,45820410,63.25,63.41,62.75
03-02-2017,63.68,30288330,63.5,63.7,63.07
06-02-2017,63.64,19776560,63.5,63.65,63.14
07-02-2017,63.43,20271020,63.74,63.78,63.23
08-02-2017,63.34,18089300,63.57,63.81,63.22
09-02-2017,64.06,22625170,63.52,64.435,63.32
10-02-2017,64,18169980,64.25,64.3,63.975
13-02-2017,64.72,22871800,64.24,64.86,64.13
14-02-2017,64.57,23080270,64.41,64.72,64.02
15-02-2017,64.53,16984020,64.5,64.57,64.155
16-02-2017,64.52,20538890,64.74,65.24,64.44
17-02-2017,64.62,21236980,64.47,64.69,64.3
21-02-2017,64.49,20643320,64.61,64.95,64.45
22-02-2017,64.36,19274640,64.33,64.39,64.05
23-02-2017,64.62,20255890,64.42,64.7285,64.195
24-02-2017,64.62,21778650,64.53,64.8,64.135
27-02-2017,64.23,15852360,64.54,64.54,64.045
28-02-2017,63.98,23225630,64.08,64.2,63.76
01-03-2017,64.94,26911390,64.13,64.99,64.0218
02-03-2017,64.01,24523130,64.69,64.75,63.88
03-03-2017,64.25,18138220,63.99,64.28,63.62
06-03-2017,64.27,17536510,63.97,64.56,63.81
07-03-2017,64.4,18507840,64.19,64.775,64.19
08-03-2017,64.99,21510490,64.26,65.085,64.25
09-03-2017,64.73,19841220,65.19,65.2,64.48
10-03-2017,64.93,19531290,65.11,65.26,64.75
13-03-2017,64.71,19558920,65.01,65.195,64.57
14-03-2017,64.41,14280080,64.53,64.55,64.15
15-03-2017,64.75,24819560,64.55,64.92,64.25
16-03-2017,64.64,20638340,64.75,64.76,64.3
17-03-2017,64.87,49077080,64.91,65.24,64.68
20-03-2017,64.93,14273670,64.91,65.175,64.72
21-03-2017,64.21,26607950,65.19,65.5,64.13
22-03-2017,65.03,20635780,64.12,65.14,64.12
23-03-2017,64.87,19267040,64.94,65.235,64.765
24-03-2017,64.98,22616680,65.12,65.45,64.76
27-03-2017,65.1,18555230,64.63,65.22,64.35
28-03-2017,65.29,20066100,64.96,65.47,64.65
29-03-2017,65.47,13613870,65.12,65.5,64.9475
30-03-2017,65.71,15109580,65.42,65.98,65.36
31-03-2017,65.86,21037270,65.65,66.19,65.45
03-04-2017,65.55,20362440,65.81,65.94,65.19
04-04-2017,65.73,12988620,65.39,65.81,65.28
05-04-2017,65.56,21418530,66.3,66.35,65.4443
06-04-2017,65.73,18074330,65.6,66.055,65.48
07-04-2017,65.68,14089430,65.85,65.96,65.44
10-04-2017,65.53,17951970,65.61,65.82,65.36
11-04-2017,65.48,18783560,65.6,65.61,64.85
12-04-2017,65.23,17107430,65.42,65.51,65.11
13-04-2017,64.95,17875510,65.29,65.86,64.95
17-04-2017,65.48,16664820,65.04,65.49,65.01
18-04-2017,65.39,15145300,65.33,65.71,65.16
19-04-2017,65.04,26983430,65.65,65.75,64.89
20-04-2017,65.5,22298340,65.46,65.75,65.14
21-04-2017,66.4,32507090,65.67,66.7,65.45
24-04-2017,67.53,29721350,67.48,67.66,67.1
25-04-2017,67.92,30186690,67.9,68.04,67.6
26-04-2017,67.83,26132990,68.08,68.31,67.62
27-04-2017,68.27,34301810,68.15,68.38,67.58
28-04-2017,68.46,39431920,68.91,69.14,67.69
01-05-2017,69.41,31902530,68.68,69.55,68.5
02-05-2017,69.3,23528160,69.71,69.71,69.13
03-05-2017,69.08,28901660,69.38,69.38,68.71
04-05-2017,68.81,21684030,69.03,69.08,68.64
05-05-2017,69,19037540,68.9,69.03,68.485
08-05-2017,68.94,18553900,68.97,69.05,68.42
09-05-2017,69.04,22442280,68.86,69.28,68.68
10-05-2017,69.31,17934310,68.99,69.56,68.92
11-05-2017,68.46,28771250,68.36,68.73,68.12
12-05-2017,68.38,18700160,68.61,68.61,68.04
15-05-2017,68.43,30954130,68.14,68.48,67.57
16-05-2017,69.41,34936100,68.23,69.44,68.16
17-05-2017,67.48,30494870,68.89,69.1,67.43
18-05-2017,67.71,25184940,67.4,68.13,67.14
19-05-2017,67.69,26905730,67.5,68.095,67.43
22-05-2017,68.45,16216010,67.89,68.5,67.5
23-05-2017,68.68,15423430,68.72,68.75,68.38
24-05-2017,68.77,14665710,68.87,68.88,68.45
25-05-2017,69.62,21838800,68.97,69.88,68.91
26-05-2017,69.96,19716360,69.8,70.22,69.52
30-05-2017,70.41,17057170,69.79,70.41,69.77
31-05-2017,69.84,30445790,70.53,70.74,69.81
01-06-2017,70.1,21538070,70.24,70.61,69.451
02-06-2017,71.76,34637860,70.44,71.86,70.24
05-06-2017,72.28,33303010,71.97,72.89,71.81
06-06-2017,72.52,31506590,72.3,72.62,72.27
07-06-2017,72.39,22282420,72.635,72.77,71.95
08-06-2017,71.95,24460980,72.51,72.52,71.5
09-06-2017,70.32,49143030,72.035,72.08,68.59
12-06-2017,69.78,47720550,69.25,69.94,68.13
13-06-2017,70.65,25254650,70.02,70.82,69.96
14-06-2017,70.27,25483760,70.91,71.1,69.43
15-06-2017,69.9,26006180,69.27,70.21,68.8
16-06-2017,70,48278130,69.73,70.0252,69.22
19-06-2017,70.87,23309860,70.5,70.945,70.35
20-06-2017,69.91,21509280,70.82,70.87,69.87
21-06-2017,70.27,19681370,70.21,70.62,69.94
22-06-2017,70.26,22602120,70.54,70.59,69.71
23-06-2017,71.21,27071300,70.09,71.25,69.92
26-06-2017,70.53,19508480,71.4,71.71,70.445
27-06-2017,69.21,25214000,70.11,70.18,69.18
28-06-2017,69.8,25802760,69.21,69.841,68.79
29-06-2017,68.49,28898600,69.38,69.49,68.09
30-06-2017,68.93,24094240,68.78,69.38,68.74
03-07-2017,68.17,16165540,69.33,69.6,68.02
05-07-2017,69.08,21164570,68.255,69.44,68.22
06-07-2017,68.57,21108330,68.27,68.78,68.12
07-07-2017,69.46,15910410,68.7,69.84,68.7
10-07-2017,69.98,15006190,69.46,70.25,69.2
11-07-2017,69.99,17459190,70,70.68,69.75
12-07-2017,71.15,17747470,70.69,71.28,70.55
13-07-2017,71.77,20267570,71.5,72.0399,71.31
14-07-2017,72.78,25780260,72.24,73.27,71.96
17-07-2017,73.35,21776670,72.8,73.45,72.72
18-07-2017,73.3,26356400,73.09,73.39,72.66
19-07-2017,73.86,22071360,73.5,74.04,73.45
20-07-2017,74.22,39459200,74.18,74.3,73.28
21-07-2017,73.79,46301020,73.45,74.29,73.17
24-07-2017,73.6,21227590,73.53,73.75,73.13
25-07-2017,74.19,21934340,73.8,74.31,73.5
26-07-2017,74.05,16074960,74.34,74.38,73.81
27-07-2017,73.16,35803280,73.76,74.42,72.32
28-07-2017,73.04,17800810,72.67,73.31,72.54
31-07-2017,72.7,23546300,73.3,73.44,72.41
01-08-2017,72.58,20755590,73.1,73.42,72.49
02-08-2017,72.26,26487360,72.55,72.56,71.445
03-08-2017,72.15,18203460,72.19,72.44,71.845
04-08-2017,72.68,22578340,72.4,73.04,72.24
07-08-2017,72.4,18703680,72.8,72.9,72.26
08-08-2017,72.79,22029970,72.09,73.13,71.75
09-08-2017,72.47,22208930,72.25,72.51,72.05
10-08-2017,71.41,23882090,71.9,72.19,71.35
11-08-2017,72.5,21429130,71.61,72.7,71.28
14-08-2017,73.59,20079920,73.06,73.72,72.95
15-08-2017,73.22,19174140,73.59,73.59,73.04
16-08-2017,73.65,18146300,73.34,74.1,73.17
17-08-2017,72.4,22450130,73.58,73.87,72.4
18-08-2017,72.49,18760830,72.27,72.84,71.93
21-08-2017,72.15,17698800,72.47,72.48,71.7
22-08-2017,73.16,14333220,72.35,73.24,72.35
23-08-2017,72.72,13758650,72.96,73.15,72.53
24-08-2017,72.69,17097240,72.74,72.86,72.07
25-08-2017,72.82,12790300,72.86,73.35,72.48
28-08-2017,72.83,14558700,73.06,73.09,72.55
29-08-2017,73.05,11470410,72.25,73.16,72.05
30-08-2017,74.01,16892790,73.01,74.2099,72.8293
31-08-2017,74.77,27645380,74.03,74.96,73.8
01-09-2017,73.94,21713620,74.71,74.74,73.64
05-09-2017,73.61,22234340,73.34,73.89,72.98
06-09-2017,73.4,16525320,73.74,74.04,73.35
07-09-2017,74.34,17468290,73.68,74.6,73.6
08-09-2017,73.98,14703700,74.33,74.44,73.84
11-09-2017,74.76,17900360,74.31,74.945,74.31
12-09-2017,74.68,14387100,74.76,75.24,74.37
13-09-2017,75.21,13353930,74.93,75.23,74.55
14-09-2017,74.77,15695470,75,75.49,74.52
15-09-2017,75.31,38515230,74.83,75.39,74.07
18-09-2017,75.16,23305610,75.23,75.97,75.04
19-09-2017,75.44,15769510,75.21,75.71,75.01
20-09-2017,74.94,20789800,75.35,75.55,74.31
21-09-2017,74.21,19172840,75.11,75.24,74.11
22-09-2017,74.41,14095440,73.99,74.51,73.85
25-09-2017,73.26,24131960,74.09,74.25,72.92
26-09-2017,73.26,17270990,73.67,73.81,72.99
27-09-2017,73.85,19487260,73.55,74.17,73.17
28-09-2017,73.87,10879150,73.54,73.97,73.31
29-09-2017,74.49,16989330,73.94,74.535,73.88
02-10-2017,74.61,15296380,74.71,75.01,74.295
03-10-2017,74.26,12186560,74.67,74.88,74.195
04-10-2017,74.69,13295060,74,74.72,73.71
05-10-2017,75.97,21176990,75.22,76.12,74.96
06-10-2017,76,13946480,75.67,76.03,75.54
09-10-2017,76.29,11386390,75.97,76.55,75.86
10-10-2017,76.29,13939430,76.33,76.63,76.14
11-10-2017,76.42,15378030,76.36,76.46,75.95
12-10-2017,77.12,17268390,76.49,77.29,76.37
13-10-2017,77.49,15319310,77.59,77.87,77.29
16-10-2017,77.65,12361880,77.42,77.81,77.35
17-10-2017,77.59,16072320,77.47,77.62,77.25
18-10-2017,77.61,13288960,77.67,77.85,77.37
19-10-2017,77.91,15080780,77.57,77.93,77.35
20-10-2017,78.81,22851290,78.32,78.97,78.22
23-10-2017,78.83,20609800,78.99,79.34,78.76
24-10-2017,78.86,17353840,78.9,79.2,78.46
25-10-2017,78.63,20377380,78.58,79.1,78.01
26-10-2017,78.76,31527350,79.2,79.42,78.75
27-10-2017,83.81,71022110,84.37,86.2,83.61
30-10-2017,83.89,31749180,83.7,84.325,83.105
31-10-2017,83.18,26949400,84.36,84.36,83.11
01-11-2017,83.18,22278730,83.68,83.76,82.88
02-11-2017,84.05,23980410,83.35,84.46,83.12
03-11-2017,84.14,17629140,84.08,84.54,83.4
06-11-2017,84.47,19852030,84.2,84.7,84.0825
07-11-2017,84.27,17927430,84.77,84.9,83.93
08-11-2017,84.56,18027540,84.14,84.61,83.83
09-11-2017,84.09,21174120,84.11,84.27,82.9
10-11-2017,83.87,19395240,83.79,84.095,83.23
13-11-2017,83.93,14185670,83.66,83.94,83.46
14-11-2017,84.05,18759800,83.5,84.1,82.98
15-11-2017,82.98,19337370,83.47,83.69,82.69
16-11-2017,83.2,20957350,83.1,83.42,82.94
17-11-2017,82.4,22075340,83.12,83.12,82.24
20-11-2017,82.53,16128540,82.4,82.59,82.25
21-11-2017,83.72,21195610,82.74,83.84,82.74
22-11-2017,83.11,20550600,83.83,83.9,83.04
24-11-2017,83.26,7425603,83.01,83.43,82.78
27-11-2017,83.87,17721740,83.31,83.98,83.3
28-11-2017,84.88,21897340,84.07,85.06,84.02
29-11-2017,83.34,27358660,84.71,84.9172,83.175
30-11-2017,84.17,32998560,83.51,84.52,83.34
01-12-2017,84.26,29387350,83.6,84.81,83.22
04-12-2017,81.08,39084990,84.42,84.4299,80.7
05-12-2017,81.59,26144410,81.34,82.68,80.9801
06-12-2017,82.78,24876890,81.55,83.14,81.43
07-12-2017,82.49,23170300,82.54,82.8,82
08-12-2017,84.16,24027610,83.63,84.58,83.33
11-12-2017,85.23,21446720,84.29,85.37,84.12
12-12-2017,85.58,23821210,85.31,86.05,85.08
13-12-2017,85.35,21708830,85.74,86,85.17
14-12-2017,84.69,19302690,85.43,85.8739,84.53
15-12-2017,86.85,53921240,85.26,87.09,84.88
18-12-2017,86.38,22278960,87.12,87.4999,86.23
19-12-2017,85.83,23339920,86.35,86.35,85.27
20-12-2017,85.52,23584190,86.2,86.3,84.71
21-12-2017,85.5,17939970,86.05,86.1,85.4
22-12-2017,85.51,14071140,85.4,85.63,84.92
26-12-2017,85.4,9883700,85.31,85.5346,85.03
27-12-2017,85.71,14662250,85.65,85.98,85.215
28-12-2017,85.72,10589110,85.9,85.93,85.55
29-12-2017,85.54,18547840,85.63,86.05,85.5
02-01-2018,85.95,22122680,86.125,86.31,85.5
03-01-2018,86.35,25979960,86.055,86.51,85.97
04-01-2018,87.11,21904860,86.59,87.66,86.57
05-01-2018,88.19,23400070,87.66,88.41,87.43
08-01-2018,88.28,22110230,88.2,88.58,87.6046
09-01-2018,88.22,19466220,88.65,88.7272,87.86
10-01-2018,87.82,18639390,87.86,88.19,87.41
11-01-2018,88.08,17699700,88.13,88.13,87.24
12-01-2018,89.6,24261620,88.67,89.78,88.45
16-01-2018,88.35,36584400,90.1,90.79,88.0104
17-01-2018,90.14,25617320,89.08,90.28,88.75
18-01-2018,90.1,24138250,89.8,90.67,89.66
19-01-2018,90,35612750,90.14,90.61,89.66
22-01-2018,91.61,23511170,90,91.62,89.74
23-01-2018,91.9,23014000,91.9,92.3,91.54
24-01-2018,91.82,32735410,92.55,93.43,91.58
25-01-2018,92.33,26099100,92.465,93.24,91.93
26-01-2018,94.06,28964890,93.12,94.06,92.58
29-01-2018,93.92,31521680,95.14,95.45,93.72
30-01-2018,92.74,37310120,93.3,93.66,92.1
31-01-2018,95.01,47448270,93.75,95.4,93.51
01-02-2018,94.26,46866010,94.79,96.07,93.5813
02-02-2018,91.78,47484680,93.64,93.97,91.5
05-02-2018,88,50588980,90.56,93.24,88
06-02-2018,91.33,67970920,86.89,91.475,85.25
07-02-2018,89.61,41082380,90.49,91.77,89.2
08-02-2018,85.01,55247060,89.71,89.875,84.76
09-02-2018,88.18,63470240,86.3,88.93,83.83
12-02-2018,89.13,35657250,88.735,89.78,87.9295
13-02-2018,89.83,26320030,88.93,90,87.8
14-02-2018,90.81,34825510,88.51,90.99,88.41
15-02-2018,92.66,27523410,91.21,92.72,90.62
16-02-2018,92,30580470,92.45,93.5,91.8
20-02-2018,92.72,30325530,91.475,93.06,91.01
21-02-2018,91.49,26664100,92.98,93.3595,91.49
22-02-2018,91.73,23613350,92.05,92.73,91.36
23-02-2018,94.06,26294200,92.75,94.07,92.36
26-02-2018,95.42,30167890,94.4,95.45,94.25
27-02-2018,94.2,25842000,95.74,95.84,94.2
28-02-2018,93.77,30011960,94.84,95.705,93.63
01-03-2018,92.85,36979700,93.99,94.57,91.84
02-03-2018,93.05,32815660,91.58,93.15,90.86
05-03-2018,93.64,23787950,92.34,94.27,92.26
06-03-2018,93.32,21884540,94.34,94.49,92.941
07-03-2018,93.86,26458530,93.16,93.9406,92.43
08-03-2018,94.43,26957790,94.27,95.1,93.765
09-03-2018,96.54,36913460,95.29,96.54,95
12-03-2018,96.77,26042460,96.5,97.21,96.04
13-03-2018,94.41,34794600,97,97.24,93.97
14-03-2018,93.85,31971520,95.12,95.41,93.5
15-03-2018,94.18,27317810,93.53,94.58,92.83
16-03-2018,94.6,49067150,94.68,95.38,93.92
19-03-2018,92.89,32317260,93.74,93.9,92.11
20-03-2018,93.13,22402330,93.05,93.77,93
21-03-2018,92.48,24173600,92.93,94.05,92.21
22-03-2018,89.79,38354400,91.265,91.75,89.66
23-03-2018,87.18,43857770,89.5,90.46,87.08
26-03-2018,93.78,56261750,90.61,94,90.4
27-03-2018,89.47,55091770,94.94,95.139,88.51
28-03-2018,89.39,52235580,89.82,91.23,88.873
29-03-2018,91.27,45763610,90.18,92.29,88.4
02-04-2018,88.52,48473940,90.47,90.88,87.51
03-04-2018,89.71,37188830,89.575,90.05,87.89
04-04-2018,92.33,35479140,87.85,92.76,87.73
05-04-2018,92.38,29686720,92.435,93.065,91.4
06-04-2018,90.23,37809230,91.49,92.46,89.48
09-04-2018,90.77,31508070,91.04,93.17,90.62
10-04-2018,92.88,26885740,92.39,93.28,91.64
11-04-2018,91.86,24849510,92.01,93.29,91.48
12-04-2018,93.58,26684870,92.43,94.16,92.43
13-04-2018,93.08,23332360,94.05,94.18,92.44
16-04-2018,94.17,20278000,94.07,94.66,93.42
17-04-2018,96.07,25700050,95,96.54,94.88
18-04-2018,96.44,21024010,96.22,96.72,95.52
19-04-2018,96.11,23540730,96.44,97.07,95.34
20-04-2018,95,31135830,95.91,96.11,94.05
23-04-2018,95.35,22243560,95.744,96.29,94.63
24-04-2018,93.12,34495820,96.242,96.47,92.41
25-04-2018,92.31,33622300,93.3,93.3,90.28
26-04-2018,94.26,41085820,93.55,95.15,93.1
27-04-2018,95.82,48037250,97.6,97.9,93.91
30-04-2018,93.52,41196050,96.33,96.3964,93.15
01-05-2018,95,31400270,93.21,95.29,92.79
02-05-2018,93.51,27459080,94.99,95.17,93.19
03-05-2018,94.07,31071660,92.96,94.925,92.45
04-05-2018,95.16,22243660,93.32,95.37,92.92
07-05-2018,96.22,23591080,95.17,96.71,95.1
08-05-2018,95.81,22764250,95.8456,96.16,95.0631
09-05-2018,96.94,27279420,96.01,96.97,95.05
10-05-2018,97.91,22341300,97.46,97.95,97.05
11-05-2018,97.7,16759750,97.8,97.87,97.04
14-05-2018,98.03,19447690,97.92,98.69,97.31
15-05-2018,97.32,24584910,97.24,97.85,96.34
16-05-2018,97.15,17371190,97.36,97.4,96.615
17-05-2018,96.18,17167840,96.76,97.5401,95.83
18-05-2018,96.36,17543940,96.01,96.93,96.01
21-05-2018,97.6,18996380,97,98.01,96.8
22-05-2018,97.5,15438990,97.68,98.17,97.2
23-05-2018,98.66,21119770,96.71,98.73,96.32
24-05-2018,98.31,26637580,98.725,98.94,96.81
25-05-2018,98.36,17942630,98.3,98.98,97.86
29-05-2018,98.01,28395290,97.84,98.88,97.23
30-05-2018,98.95,21899560,98.31,99.25,97.91
31-05-2018,98.84,34117650,99.29,99.99,98.61
01-06-2018,100.79,28615930,99.28,100.86,99.17
04-06-2018,101.67,27173310,101.26,101.86,100.851
05-06-2018,102.19,23484820,102,102.33,101.53
06-06-2018,102.49,21112450,102.48,102.6,101.9
07-06-2018,100.88,28149340,102.65,102.69,100.38
08-06-2018,101.63,22151500,101.092,101.95,100.54
11-06-2018,101.05,22773270,101.37,101.59,100.67
12-06-2018,101.31,18072860,101.1,101.4493,100.75
13-06-2018,100.85,28698040,101.72,102.01,100.56
14-06-2018,101.42,25405900,101.65,102.03,101
15-06-2018,100.13,65663130,101.51,101.53,100.07
18-06-2018,100.86,22760070,100.01,101.11,99.42
19-06-2018,100.86,27633590,99.65,101,99.5
20-06-2018,101.87,26177810,101.37,102.52,101.12
21-06-2018,101.14,21812100,102.075,102.46,100.88
22-06-2018,100.41,38869490,100.41,100.77,99.625
25-06-2018,98.39,35422640,100,100.11,97.3
26-06-2018,99.08,26551930,98.82,100.08,98.75
27-06-2018,97.54,31280700,99.58,100.02,97.4
28-06-2018,98.63,26643410,97.38,99.11,97.26
29-06-2018,98.61,27553700,98.93,99.91,98.33
02-07-2018,100.01,18850500,98.1,100.06,98
03-07-2018,99.05,14670280,100.48,100.63,98.94
05-07-2018,99.76,18583280,99.5,99.92,99.0299
06-07-2018,101.16,18238570,99.885,101.43,99.67
09-07-2018,101.85,16410950,101.645,102.25,101.251
10-07-2018,102.12,19180850,102,102.51,101.86
11-07-2018,101.98,19278720,101.15,102.34,101.1
12-07-2018,104.19,24270690,102.77,104.41,102.73
13-07-2018,105.43,24578340,104.37,105.6,104.09
16-07-2018,104.91,20782300,105.4,105.82,104.515
17-07-2018,105.95,25864500,104.61,106.5,104.32
18-07-2018,105.12,29055780,105.94,106.05,104.715
19-07-2018,104.4,38193270,104.93,105.31,103.89
20-07-2018,106.27,55999890,108.08,108.2,106.08
23-07-2018,107.97,29226800,106.3,108.14,106.13
24-07-2018,107.66,26308190,108.57,108.82,107.26
25-07-2018,110.83,30586770,107.955,111.15,107.6
26-07-2018,109.62,31332820,110.74,111,109.5
27-07-2018,107.68,36916780,110.18,110.18,106.14
30-07-2018,105.37,34495720,107.19,107.53,104.76
31-07-2018,106.08,27181070,106.49,106.72,105.38
01-08-2018,106.28,23617980,106.03,106.446,105.42
02-08-2018,107.57,26080740,105.4,108.09,104.84
03-08-2018,108.04,18629310,107.8,108.05,106.82
06-08-2018,108.13,20234680,108.12,108.42,107.559
07-08-2018,108.88,16070070,108.56,109.1,108.17
08-08-2018,109.49,15461420,109.33,109.75,108.7599
09-08-2018,109.67,13634510,109.71,110.16,109.6
10-08-2018,109,18171350,109.42,109.69,108.38
13-08-2018,108.21,18470690,109.24,109.58,108.1
14-08-2018,109.56,16777990,108.56,109.75,108.04
15-08-2018,107.66,29947600,108.49,108.985,106.82
16-08-2018,107.64,20687500,108.3,108.86,107.3
17-08-2018,107.58,18051970,107.36,107.9,106.69
20-08-2018,106.87,17327110,107.51,107.9,106.48
21-08-2018,105.98,22825830,106.92,107.35,105.85
22-08-2018,107.06,17878840,105.85,107.34,105.78
23-08-2018,107.56,17996860,107.15,108.18,106.87
24-08-2018,108.4,17188010,107.67,108.56,107.56
27-08-2018,109.6,19439380,109.27,109.64,108.51
28-08-2018,110.26,19144860,109.94,110.5,109.79
29-08-2018,112.02,20747500,110.45,112.03,110.27
30-08-2018,111.95,22759640,111.67,112.61,111.44
31-08-2018,112.33,23217310,111.685,112.777,111.515
04-09-2018,111.71,22558040,110.85,111.955,110.22
05-09-2018,108.49,32838650,111.01,111.42,108.1
06-09-2018,108.74,23226430,108.25,108.99,107.51
07-09-2018,108.21,22273530,108.23,108.7248,107.23
10-09-2018,109.38,19887280,108.84,109.64,108.36
11-09-2018,111.24,24081240,108.9,111.59,108.89
12-09-2018,111.71,18855340,111.43,111.85,110.51
13-09-2018,112.91,25107230,112.12,113.725,112.12
14-09-2018,113.37,18261950,113.36,113.73,112.44
17-09-2018,112.14,20332830,113.69,113.7,111.86
18-09-2018,113.21,22114560,112.19,113.695,111.72
19-09-2018,111.7,21663020,113.05,113.32,111.035
20-09-2018,113.57,23667500,112.28,113.8,111.93
21-09-2018,114.26,70363000,114,115.29,113.51
24-09-2018,114.67,25273510,113.03,114.9,112.2175
25-09-2018,114.45,20782110,114.8,115.1,113.75
26-09-2018,113.98,19322530,114.47,115.055,113.74
27-09-2018,114.41,19053590,114.78,114.91,114.2
28-09-2018,114.37,20525950,114.19,114.57,113.68
01-10-2018,115.61,18610500,114.75,115.68,114.73
02-10-2018,115.15,20180030,115.3,115.84,114.44
03-10-2018,115.17,16130010,115.42,116.18,114.93
04-10-2018,112.79,34475710,114.61,114.7588,111.63
05-10-2018,112.13,29062670,112.63,113.17,110.64
08-10-2018,110.85,29477750,111.66,112.03,109.34
09-10-2018,112.26,26187200,111.14,113.08,110.8
10-10-2018,106.16,60560740,111.24,111.5,105.79
11-10-2018,105.91,63629560,105.35,108.93,104.2
12-10-2018,109.57,46718940,109.01,111.24,107.12
15-10-2018,107.6,32001580,108.91,109.48,106.9468
16-10-2018,111,31154210,109.54,111.41,108.95
17-10-2018,110.71,25873980,111.68,111.81,109.5482
18-10-2018,108.5,31794350,110.1,110.53,107.83
19-10-2018,108.66,32751070,108.93,110.86,108.21
22-10-2018,109.63,26484510,109.32,110.54,108.24
23-10-2018,108.1,43531680,107.77,108.97,105.11
24-10-2018,102.32,63236450,108.41,108.49,101.5901
25-10-2018,108.3,61550620,106.55,109.27,106.15
26-10-2018,106.96,55480820,105.69,108.75,104.76
29-10-2018,103.85,55101300,108.105,108.7,101.63
30-10-2018,103.73,65273360,103.66,104.38,100.11
31-10-2018,106.81,51042220,105.435,108.14,105.39
01-11-2018,105.92,33243300,107.05,107.32,105.53
02-11-2018,106.16,37591700,106.48,107.32,104.975
05-11-2018,107.51,27908600,106.37,107.74,105.9
06-11-2018,107.72,24217640,107.38,108.84,106.28
07-11-2018,111.96,37864220,109.44,112.24,109.4
08-11-2018,111.75,25479410,111.8,112.21,110.91
09-11-2018,109.57,32011930,110.85,111.45,108.76
12-11-2018,106.87,33595910,109.42,109.96,106.1
13-11-2018,106.94,35360680,107.55,108.74,106.64
14-11-2018,104.97,39451290,108.1,108.26,104.47
15-11-2018,107.28,38430970,104.99,107.8,103.91
16-11-2018,108.29,33494830,107.08,108.88,106.8
19-11-2018,104.62,43324610,108.27,108.56,103.55
20-11-2018,101.71,63988520,101.8,102.97,99.3528
21-11-2018,103.11,28121990,103.6,104.43,102.24
23-11-2018,103.07,13823100,102.17,103.8099,102
26-11-2018,106.47,32258530,104.79,106.63,104.58
27-11-2018,107.14,29063180,106.27,107.33,105.36
28-11-2018,111.12,46132310,107.89,111.33,107.86
29-11-2018,110.19,27792540,110.33,111.115,109.03
30-11-2018,110.89,33652230,110.7,110.97,109.36
03-12-2018,112.09,34293960,113,113.42,110.73
04-12-2018,108.52,44572140,111.94,112.6373,108.2115
06-12-2018,109.19,47866160,105.82,109.24,105
07-12-2018,104.82,44391210,108.38,109.45,104.3
10-12-2018,107.59,40463870,104.8,107.98,103.89
11-12-2018,108.59,42342240,109.8,110.95,107.44
12-12-2018,109.08,36169700,110.89,111.27,109.04
13-12-2018,109.45,30600890,109.58,110.87,108.63
14-12-2018,106.03,46961130,108.25,109.26,105.5
17-12-2018,102.89,56837160,105.41,105.8,101.71
18-12-2018,103.97,48033550,103.75,104.51,102.52
19-12-2018,103.69,68110780,103.65,106.88,101.35
20-12-2018,101.51,70221500,103.05,104.31,98.78
21-12-2018,98.23,110945000,101.63,103,97.46
24-12-2018,94.13,43935190,97.68,97.97,93.98
26-12-2018,100.56,51330280,95.14,100.69,93.96
27-12-2018,101.18,49162950,99.3,101.19,96.4
28-12-2018,100.39,38160810,102.09,102.41,99.52
31-12-2018,101.57,33161320,101.29,102.4,100.44
02-01-2019,101.12,35145360,99.55,101.75,98.94
03-01-2019,97.4,42111650,100.1,100.185,97.2
04-01-2019,101.93,43982700,99.72,102.51,98.93
07-01-2019,102.06,35567820,101.64,103.2681,100.98
08-01-2019,102.8,31322920,103.04,103.97,101.7134
09-01-2019,104.27,32261890,103.86,104.88,103.2445
10-01-2019,103.6,29978930,103.22,103.75,102.38
11-01-2019,102.8,28235260,103.19,103.44,101.64
14-01-2019,102.05,27194560,101.9,102.8716,101.26
15-01-2019,105.01,31537490,102.51,105.05,101.88
16-01-2019,105.38,29655860,105.26,106.255,104.96
17-01-2019,106.12,27151570,105,106.625,104.76
18-01-2019,107.71,37299850,107.46,107.9,105.91
22-01-2019,105.68,32092050,106.75,107.1,104.86
23-01-2019,106.71,25512110,106.12,107.04,105.34
24-01-2019,106.2,23125910,106.86,107,105.34
25-01-2019,107.17,31182240,107.24,107.88,106.59
28-01-2019,105.08,29402020,106.26,106.48,104.66
29-01-2019,102.94,31262200,104.88,104.97,102.17
30-01-2019,106.38,47203190,104.62,106.38,104.33
31-01-2019,104.43,55442870,103.8,105.22,103.18
01-02-2019,102.78,35243730,103.775,104.0999,102.35
04-02-2019,105.74,31216260,102.87,105.8,102.77
05-02-2019,107.22,27270810,106.06,107.27,105.96
06-02-2019,106.03,20577980,107,107,105.53
07-02-2019,105.27,29735930,105.185,105.59,104.29
08-02-2019,105.67,21453990,104.39,105.78,104.2603
11-02-2019,105.25,18753750,106.2,106.58,104.965
12-02-2019,106.89,25018670,106.14,107.14,105.48
13-02-2019,106.81,18337830,107.5,107.78,106.71
14-02-2019,106.9,21745770,106.31,107.29,105.66
15-02-2019,108.22,26589160,107.91,108.3,107.3624
19-02-2019,108.17,17982860,107.79,108.66,107.78
20-02-2019,107.15,21603580,107.86,107.94,106.29
21-02-2019,109.41,28856200,106.9,109.48,106.87
22-02-2019,110.97,27746840,110.05,111.2,109.82
25-02-2019,111.59,23723500,111.76,112.18,111.26
26-02-2019,112.36,21513210,111.26,113.24,111.17
27-02-2019,112.17,21471170,111.69,112.36,110.88
28-02-2019,112.03,28948570,112.04,112.88,111.73
01-03-2019,112.53,20821260,112.89,113.02,111.665
04-03-2019,112.26,25869380,113.02,113.25,110.8
05-03-2019,111.7,19090780,112.25,112.39,111.23
06-03-2019,111.75,17651130,111.87,112.66,111.43
07-03-2019,110.39,25320540,111.4,111.55,109.865
08-03-2019,110.51,22803110,109.16,110.71,108.8
11-03-2019,112.83,24525610,110.99,112.95,110.98
12-03-2019,113.62,26103480,112.82,113.99,112.6499
13-03-2019,114.5,35311160,114.13,115,113.78
14-03-2019,114.59,30414810,114.54,115.2,114.33
15-03-2019,115.91,54025470,115.34,117.25,114.59
18-03-2019,117.57,31098780,116.17,117.61,116.05
19-03-2019,117.65,35304130,118.09,118.44,116.99
20-03-2019,117.52,26110540,117.39,118.75,116.71
21-03-2019,120.22,29747140,117.135,120.82,117.09
22-03-2019,117.05,32346990,119.5,119.59,117.04
25-03-2019,117.66,26641480,116.56,118.01,116.3224
26-03-2019,117.91,25986230,118.62,118.705,116.85
27-03-2019,116.77,22669440,117.875,118.21,115.5215
28-03-2019,116.93,17527550,117.44,117.58,116.13
29-03-2019,117.94,25375220,118.07,118.32,116.96
01-04-2019,119.02,19885780,118.95,119.1085,118.1
02-04-2019,119.19,16413430,119.06,119.48,118.52
03-04-2019,119.97,22354020,119.86,120.43,119.15
04-04-2019,119.36,20090610,120.1,120.23,118.38
05-04-2019,119.89,15737990,119.39,120.23,119.37
08-04-2019,119.93,15113170,119.81,120.02,118.64
09-04-2019,119.28,17275470,118.63,119.54,118.58
10-04-2019,120.19,14540330,119.76,120.35,119.54
11-04-2019,120.33,13758010,120.54,120.85,119.92
12-04-2019,120.95,19719730,120.64,120.98,120.37
15-04-2019,121.05,15526260,120.94,121.58,120.57
16-04-2019,120.77,14054870,121.64,121.65,120.1
17-04-2019,121.77,19012080,121.24,121.85,120.54
18-04-2019,123.37,27651970,122.19,123.52,121.3018
22-04-2019,123.76,14825150,122.62,124,122.57
23-04-2019,125.44,23539620,124.1,125.58,123.83
24-04-2019,125.01,29919920,125.79,125.85,124.52
25-04-2019,129.15,37927120,130.06,131.37,128.83
26-04-2019,129.89,23306180,129.7,130.5152,129.02
29-04-2019,129.77,16179580,129.9,130.18,129.35
30-04-2019,130.6,24041490,129.81,130.7,129.3947
01-05-2019,127.88,26821690,130.53,130.65,127.7
02-05-2019,126.21,27350160,127.98,128,125.52
03-05-2019,128.9,24911130,127.36,129.43,127.25
06-05-2019,128.15,24239460,126.39,128.56,126.11
07-05-2019,125.52,36017660,126.46,127.18,124.22
08-05-2019,125.51,28419000,125.44,126.37,124.75
09-05-2019,125.5,27235840,124.29,125.79,123.57
10-05-2019,127.13,30915080,124.91,127.93,123.82
13-05-2019,123.35,33944920,124.11,125.55,123.04
14-05-2019,124.73,25266320,123.87,125.88,123.7
15-05-2019,126.02,24722710,124.26,126.71,123.7
16-05-2019,128.93,30112220,126.75,129.38,126.46
17-05-2019,128.07,25770540,128.305,130.46,127.92
20-05-2019,126.22,23706930,126.52,127.5894,125.7607
21-05-2019,126.9,15293260,127.43,127.5273,126.58
22-05-2019,127.67,15396490,126.62,128.24,126.52
23-05-2019,126.18,23603810,126.2,126.29,124.74
24-05-2019,126.24,14123360,126.91,127.415,125.97
28-05-2019,126.16,23128360,126.98,128,126.05
29-05-2019,124.94,22763140,125.38,125.39,124.04
30-05-2019,125.73,16829610,125.26,125.76,124.78
31-05-2019,123.68,26646770,124.23,124.615,123.32
03-06-2019,119.84,37983640,123.85,124.37,119.01
04-06-2019,123.16,29382640,121.28,123.28,120.6522
05-06-2019,125.83,24926140,124.95,125.87,124.21
06-06-2019,127.82,21458960,126.44,127.97,125.6
07-06-2019,131.4,33885590,129.19,132.25,128.26
10-06-2019,132.6,26477100,132.4,134.08,132
11-06-2019,132.1,23913730,133.88,134.24,131.2757
12-06-2019,131.49,17092460,131.4,131.97,130.71
13-06-2019,132.32,17200850,131.98,132.67,131.56
14-06-2019,132.45,17821700,132.26,133.79,131.64
17-06-2019,132.85,14517790,132.63,133.73,132.53
18-06-2019,135.16,25934460,134.19,135.24,133.57
19-06-2019,135.69,23744440,135,135.93,133.81
20-06-2019,136.95,33042590,137.45,137.66,135.72
21-06-2019,136.97,36727890,136.58,137.73,136.46
24-06-2019,137.78,20628840,137,138.4,137
25-06-2019,133.43,33327420,137.25,137.59,132.73
26-06-2019,133.93,23657750,134.35,135.74,133.6
27-06-2019,134.15,16557480,134.14,134.71,133.51
28-06-2019,133.96,30042970,134.57,134.6,133.1558
01-07-2019,135.68,22654160,136.63,136.7,134.97
02-07-2019,136.58,15237840,136.12,136.59,135.34
03-07-2019,137.46,13629300,136.8,137.74,136.295
05-07-2019,137.06,18141140,135.94,137.33,135.72
08-07-2019,136.96,16779750,136.4,137.1,135.3701
09-07-2019,136.46,19953100,136,136.97,135.8
10-07-2019,137.85,24204360,137.13,138.58,137.02
11-07-2019,138.4,22327940,138.2,139.22,137.87
12-07-2019,138.9,18936830,138.85,139.13,138.0099
15-07-2019,138.9,16651460,139.44,139.54,138.46
16-07-2019,137.08,22726130,138.96,139.05,136.52
17-07-2019,136.27,20210960,137.7,137.93,136.22
18-07-2019,136.42,30808710,135.55,136.62,134.67
19-07-2019,136.62,48992360,140.22,140.67,136.45
22-07-2019,138.43,25080760,137.41,139.19,137.33
23-07-2019,139.29,18034590,139.76,139.99,138.03
24-07-2019,140.72,20738280,138.9,140.74,138.85
25-07-2019,140.19,18356880,140.43,140.61,139.3215
26-07-2019,141.34,19037600,140.37,141.675,140.3
29-07-2019,141.03,16605870,141.5,141.51,139.3663
30-07-2019,140.35,16846530,140.14,141.2199,139.8005
31-07-2019,136.27,38598790,140.33,140.49,135.08
01-08-2019,138.06,40557500,137,140.9383,136.93
02-08-2019,136.9,30791620,138.09,138.32,135.26
05-08-2019,132.21,42749550,133.3,133.9298,130.78
06-08-2019,134.69,32696650,133.8,135.68,133.21
07-08-2019,135.28,33414540,133.79,135.65,131.8284
08-08-2019,138.89,27496510,136.6,138.99,135.93
09-08-2019,137.71,23466700,138.61,139.38,136.46
12-08-2019,135.79,20484350,137.07,137.86,135.24
13-08-2019,138.6,25496590,136.05,138.8,135
14-08-2019,133.98,32527250,136.36,136.92,133.67
15-08-2019,133.68,28125420,134.39,134.58,132.25
16-08-2019,136.13,25026150,134.88,136.46,134.72
19-08-2019,138.41,24370540,137.855,138.55,136.885
20-08-2019,137.26,21189000,138.21,138.71,137.24
21-08-2019,138.79,14982310,138.55,139.4935,138
22-08-2019,137.78,18709660,138.66,139.2,136.29
23-08-2019,133.39,38515390,137.19,138.35,132.8
26-08-2019,135.45,20325270,134.99,135.56,133.9
27-08-2019,135.74,23115640,136.39,136.72,134.66
28-08-2019,135.56,17410830,134.88,135.76,133.55
29-08-2019,138.12,20179720,137.25,138.44,136.91
30-08-2019,137.86,23946120,139.15,139.18,136.27
03-09-2019,136.04,18880770,136.61,137.2,135.7
04-09-2019,137.63,18015310,137.3,137.69,136.48
05-09-2019,140.05,26119520,139.11,140.3837,138.76
06-09-2019,139.1,20824500,140.03,140.18,138.2
09-09-2019,137.52,25773930,139.59,139.75,136.46
10-09-2019,136.08,28903380,136.8,136.8862,134.51
11-09-2019,136.12,24726120,135.91,136.27,135.09
12-09-2019,137.52,27009980,137.85,138.42,136.87
13-09-2019,137.32,23363060,137.78,138.06,136.57
16-09-2019,136.33,16731440,135.83,136.7,135.66
17-09-2019,137.39,17976290,136.96,137.52,136.425
18-09-2019,138.52,24473390,137.36,138.67,136.5299
19-09-2019,141.07,36095410,140.3,142.37,140.0736
20-09-2019,139.44,40040770,141.01,141.65,138.25
23-09-2019,139.14,17408370,139.23,139.63,138.44
24-09-2019,137.38,30016670,140.36,140.69,136.88
25-09-2019,139.36,22544050,137.5,139.958,136.03
26-09-2019,139.54,17813510,139.44,140.18,138.44
27-09-2019,137.73,22498960,140.15,140.36,136.645
30-09-2019,139.03,18430390,138.05,139.215,137.78
01-10-2019,137.07,22581930,139.66,140.25,137
02-10-2019,134.65,32001760,136.25,136.37,133.5799
03-10-2019,136.28,26379800,134.95,136.75,133.22
04-10-2019,138.12,23839550,136.75,138.25,136.42
07-10-2019,137.12,16601280,137.14,138.18,137.02
08-10-2019,135.67,26783340,137.08,137.76,135.62
09-10-2019,138.24,20178480,137.46,138.7,136.97
10-10-2019,139.1,18396610,138.49,139.6699,138.25
11-10-2019,139.68,25551070,140.12,141.03,139.5
14-10-2019,139.55,13591640,139.69,140.29,139.52
15-10-2019,141.575,19917760,140.06,141.79,139.81
16-10-2019,140.41,20841690,140.79,140.99,139.53
17-10-2019,139.69,22102800,140.95,141.42,139.02
18-10-2019,137.41,32284430,139.76,140,136.56
21-10-2019,138.43,20716040,138.45,138.5,137.01
22-10-2019,136.37,27935270,138.97,140.01,136.26
23-10-2019,137.24,31380310,136.88,137.45,135.61
24-10-2019,139.94,37278400,139.39,140.42,138.67
25-10-2019,140.73,25959720,139.34,141.14,139.2
28-10-2019,144.19,35280140,144.4,145.67,143.51
29-10-2019,142.83,20589470,144.08,144.5,142.65
30-10-2019,144.61,18496590,143.52,145,142.79
31-10-2019,143.37,24605140,144.9,144.93,142.99
01-11-2019,143.72,33128370,144.26,144.42,142.965
04-11-2019,144.55,16912000,144.83,145,144.16
05-11-2019,144.46,18250170,144.97,145.02,143.905
06-11-2019,144.06,16575800,144.37,144.52,143.2
07-11-2019,144.26,17786720,143.84,144.88,143.77
08-11-2019,145.96,16752940,143.98,145.99,143.76
11-11-2019,146.11,14370180,145.34,146.42,144.73
12-11-2019,147.07,18648710,146.28,147.57,146.06
13-11-2019,147.31,17444230,146.74,147.4625,146.28
14-11-2019,148.06,19755100,147.02,148.41,147
15-11-2019,149.97,23508810,148.93,149.99,148.27
18-11-2019,150.34,21554760,150.07,150.55,148.98
19-11-2019,150.39,23960160,150.88,151.33,150.195
20-11-2019,149.62,25720060,150.31,150.84,148.46
21-11-2019,149.48,18576080,149.4,149.8,148.501
22-11-2019,149.59,15841680,150.07,150.3,148.82
25-11-2019,151.23,22428590,150,151.35,149.92
26-11-2019,152.03,24635100,151.36,152.42,151.32
27-11-2019,152.32,15201290,152.33,152.5,151.52
29-11-2019,151.38,11977300,152.1,152.3,151.28
02-12-2019,149.55,27473620,151.81,151.83,148.32
03-12-2019,149.31,25192150,147.49,149.43,146.65
04-12-2019,149.85,17580620,150.14,150.1799,149.2
05-12-2019,149.93,17880600,150.05,150.32,149.48
06-12-2019,151.75,16410400,150.99,151.87,150.27
09-12-2019,151.36,16741350,151.07,152.21,150.91
10-12-2019,151.13,16481060,151.29,151.89,150.765
11-12-2019,151.7,18860000,151.54,151.87,150.33
12-12-2019,153.24,24645370,151.65,153.44,151.02
13-12-2019,154.53,23850060,153.004,154.89,152.83
16-12-2019,155.53,24152770,155.11,155.9,154.82
17-12-2019,154.69,25443530,155.45,155.71,154.45
18-12-2019,154.37,24132380,154.3,155.48,154.18
19-12-2019,155.71,25813830,154,155.77,153.75
20-12-2019,157.41,53599610,157.35,158.49,156.29
23-12-2019,157.41,17726280,158.12,158.12,157.27
24-12-2019,157.38,8989150,157.48,157.71,157.115
26-12-2019,158.67,14526930,157.56,158.73,157.4
27-12-2019,158.96,18414350,159.45,159.55,158.22
30-12-2019,157.59,16356720,158.987,159.02,156.73
31-12-2019,157.7,18393380,156.77,157.77,156.45
02-01-2020,160.62,22634550,158.78,160.73,158.33
03-01-2020,158.62,21121680,158.32,159.945,158.06
06-01-2020,159.03,20826700,157.08,159.1,156.51
07-01-2020,157.58,21881740,159.32,159.67,157.32
08-01-2020,160.09,27762030,158.93,160.8,157.9491
09-01-2020,162.09,21399950,161.835,162.215,161.03
10-01-2020,161.34,20733950,162.824,163.22,161.18
13-01-2020,163.28,21637010,161.76,163.31,161.26
14-01-2020,162.13,23500780,163.39,163.6,161.72
15-01-2020,163.18,21417870,162.62,163.94,162.57
16-01-2020,166.17,23865360,164.35,166.24,164.03
17-01-2020,167.1,34371660,167.42,167.4675,165.43
21-01-2020,166.5,29517190,166.68,168.19,166.43
22-01-2020,165.7,24138780,167.4,167.49,165.68
23-01-2020,166.72,19680770,166.19,166.8,165.27
24-01-2020,165.04,24918120,167.51,167.53,164.45
27-01-2020,162.28,32078070,161.15,163.375,160.2
28-01-2020,165.46,24899940,163.78,165.755,163.073
29-01-2020,168.04,35127770,167.84,168.75,165.69
30-01-2020,172.78,51597470,174.05,174.05,170.79
31-01-2020,170.23,36142690,172.21,172.4,169.58
03-02-2020,174.38,30149050,170.43,174.5,170.4
04-02-2020,180.12,36433340,177.14,180.64,176.31
05-02-2020,179.9,39186320,184.03,184.2,178.4101
06-02-2020,183.63,27751380,180.97,183.8199,180.059
07-02-2020,183.89,33529070,182.845,185.63,182.48
10-02-2020,188.7,35844270,183.58,188.84,183.25
11-02-2020,184.44,53159910,190.65,190.7,183.5
12-02-2020,184.71,47062920,185.58,185.85,181.85
13-02-2020,183.71,35295830,183.08,186.23,182.872
14-02-2020,185.35,23149520,183.25,185.41,182.65
18-02-2020,187.23,27853110,185.605,187.7,185.5
19-02-2020,187.28,29997470,188.06,188.18,186.47
20-02-2020,184.42,36862380,186.95,187.25,181.1
21-02-2020,178.59,48600390,183.17,183.5,177.25
24-02-2020,170.89,68311070,167.77,174.55,163.23
25-02-2020,168.07,68073300,174.2,174.84,167.6462
26-02-2020,170.17,56387150,169.71,173.26,168.21
27-02-2020,158.18,93174910,163.32,167.03,157.98
28-02-2020,162.01,97073560,152.41,163.71,152
02-03-2020,172.79,71030810,165.31,172.92,162.31
03-03-2020,164.51,71677020,173.8,175,162.26
04-03-2020,170.55,49814380,168.485,170.7,165.62
05-03-2020,166.27,47817250,166.045,170.87,165.69
06-03-2020,161.57,72821060,162.61,163.11,156
09-03-2020,150.62,70419270,151,157.75,150
10-03-2020,160.92,65354390,158.16,161.03,152.58
11-03-2020,153.63,56504300,157.13,157.7,151.15
12-03-2020,139.06,93226370,145.3,153.47,138.58
13-03-2020,158.83,92727450,147.5,161.91,140.73
16-03-2020,135.42,87905870,140,149.35,135
17-03-2020,146.57,81059820,140,147.4998,135
18-03-2020,140.4,81593170,138,146,135.02
19-03-2020,142.71,85922660,142.77,150.15,139
20-03-2020,137.35,84866220,146,147.1,135.86
23-03-2020,135.98,78975180,137.01,140.57,132.52
24-03-2020,148.34,82516730,143.75,149.6,141.27
25-03-2020,146.92,75638220,148.91,154.33,144.44
26-03-2020,156.11,64694430,148.4,156.66,148.37
27-03-2020,149.7,57042290,151.75,154.89,149.2
30-03-2020,160.23,63420330,152.44,160.6,150.01
31-03-2020,157.71,77927190,159.4,164.78,156.56
01-04-2020,152.11,57969930,153,157.75,150.82
02-04-2020,155.26,49630740,151.86,155.48,150.36
03-04-2020,153.83,41243280,155.1,157.38,152.19
06-04-2020,165.27,67111700,160.32,166.5,157.58
07-04-2020,163.49,62769040,169.585,170,163.26
08-04-2020,165.13,48318230,165.67,166.67,163.5
09-04-2020,165.14,51431780,166.36,167.37,163.33
13-04-2020,165.51,41905260,164.35,165.57,162.3
14-04-2020,173.7,52874340,169,173.75,168
15-04-2020,171.88,40940830,171.2,173.57,169.24
16-04-2020,177.04,50479610,174.3,177.28,172.9
17-04-2020,178.6,52765630,179.5,180,175.87
20-04-2020,175.06,36669560,176.63,178.75,174.99
21-04-2020,167.82,56203750,173.5,173.6699,166.1102
22-04-2020,173.52,34651600,171.39,174,170.82
23-04-2020,171.42,32790800,174.11,175.06,170.91
24-04-2020,174.55,34305320,172.06,174.56,170.71
27-04-2020,174.05,33194380,176.59,176.9,173.3
28-04-2020,169.81,34392690,175.59,175.67,169.39
29-04-2020,177.43,51286560,173.22,177.68,171.88
30-04-2020,179.21,53875860,180,180.4,176.23
01-05-2020,174.57,39370470,175.8,178.64,174.01
04-05-2020,178.84,30372860,174.49,179,173.8
05-05-2020,180.76,36839170,180.62,183.65,179.9
06-05-2020,182.54,32139300,182.08,184.2,181.6306
07-05-2020,183.6,28315990,184.17,184.55,182.58
08-05-2020,184.68,30912640,184.98,185,183.36
11-05-2020,186.74,30892660,183.15,187.51,182.85
12-05-2020,182.51,32038200,186.8,187.04,182.3
13-05-2020,179.75,44711490,182.55,184.05,176.54
14-05-2020,180.53,41873910,177.54,180.69,175.68
15-05-2020,183.16,46610380,179.06,187.06,177
18-05-2020,184.91,35306620,185.75,186.2,183.96
19-05-2020,183.63,26799120,185.03,186.6,183.49
20-05-2020,185.66,31261330,184.81,185.85,183.94
21-05-2020,183.43,29119510,185.4,186.67,183.29
22-05-2020,183.51,20826900,183.19,184.46,182.54
26-05-2020,181.57,36073610,186.34,186.5,181.1
27-05-2020,181.81,39517150,180.2,181.9877,176.6
28-05-2020,181.4,33831820,180.74,184.1474,180.38
29-05-2020,183.25,42146720,182.73,184.27,180.41
01-06-2020,182.83,22668820,182.54,183,181.46
02-06-2020,184.91,30794590,184.25,185,181.35
03-06-2020,185.36,27311020,184.815,185.94,183.58
04-06-2020,182.92,28761810,184.3,185.84,182.3
05-06-2020,187.2,39893640,182.62,187.73,182.01
08-06-2020,188.36,33211590,185.94,188.55,184.44
09-06-2020,189.8,29783920,188,190.7,187.2605
10-06-2020,196.84,43872330,191.125,198.52,191.01
11-06-2020,186.27,52854670,193.13,195.76,186.07
12-06-2020,187.74,43373590,190.54,191.72,185.18
15-06-2020,188.94,32770190,184.58,190.82,184.01
16-06-2020,193.57,42556660,192.89,195.58,191.46
17-06-2020,194.24,25687820,195.03,196.32,193.69
18-06-2020,196.32,23061650,194,196.49,194
19-06-2020,195.15,44441140,198.59,199.29,194.37
22-06-2020,200.57,32818930,195.79,200.76,195.2301
23-06-2020,201.91,30917450,202.09,203.95,201.425
24-06-2020,197.84,36740650,201.604,203.25,196.56
25-06-2020,200.34,27803930,197.8,200.61,195.4675
26-06-2020,196.33,54675780,199.73,199.89,194.88
29-06-2020,198.44,26701590,195.78,198.53,193.55
30-06-2020,203.51,34310280,197.882,204.4,197.74
01-07-2020,204.7,32061210,203.14,206.35,201.77
02-07-2020,206.26,29315760,205.68,208.02,205
06-07-2020,210.7,31897630,208.834,211.13,208.09
07-07-2020,208.25,33600730,210.45,214.67,207.99
08-07-2020,212.83,33600030,210.07,213.26,208.69
09-07-2020,214.32,33121680,216.33,216.38,211.47
10-07-2020,213.67,26177630,213.62,214.08,211.08
13-07-2020,207.07,38135610,214.48,215.8,206.5
14-07-2020,208.35,37591820,206.13,208.85,202.03
15-07-2020,208.04,32179410,209.56,211.33,205.03
16-07-2020,203.92,29940650,205.4,205.7,202.31
17-07-2020,202.88,31635280,204.47,205.04,201.39
20-07-2020,211.6,36884840,205,212.3,203.01
21-07-2020,208.75,38105780,213.66,213.94,208.03
22-07-2020,211.75,49605690,209.2,212.3,208.39
23-07-2020,202.54,67457040,207.19,210.92,202.15
24-07-2020,201.3,39826990,200.42,202.86,197.51
27-07-2020,203.85,30160870,201.47,203.97,200.86
28-07-2020,202.02,23251390,203.61,204.7,201.74
29-07-2020,204.06,19632600,202.5,204.65,202.01
30-07-2020,203.9,25079600,201,204.46,199.57
31-07-2020,205.01,51247970,204.4,205.1,199.01
03-08-2020,216.54,78983010,211.52,217.64,210.44
04-08-2020,213.29,49280060,214.17,214.77,210.31
05-08-2020,212.94,28858620,214.9,215,211.57
06-08-2020,216.35,32656840,212.34,216.3705,211.55
07-08-2020,212.48,27820420,214.85,215.7,210.93
10-08-2020,208.25,36716460,211.67,211.88,206.35
11-08-2020,203.38,36446460,207.155,207.65,203.14
12-08-2020,209.19,28041360,205.29,210.28,204.75
13-08-2020,208.7,22588870,209.44,211.35,208.15
14-08-2020,208.9,17958940,208.76,209.59,207.51
17-08-2020,210.28,20184760,209.6,211.1874,208.915
18-08-2020,211.49,21336170,210.53,212.36,209.21
19-08-2020,209.7,27627560,211.49,212.1,209.25
20-08-2020,214.58,26981480,209.54,215,208.91
21-08-2020,213.02,36249320,213.86,216.25,212.85
24-08-2020,213.69,25460150,214.79,215.52,212.43
25-08-2020,216.47,23043700,213.1,216.61,213.1
26-08-2020,221.15,39600830,217.88,222.09,217.36
27-08-2020,226.58,57602200,222.89,231.15,219.4
28-08-2020,228.91,26292900,228.18,230.644,226.58
31-08-2020,225.53,28774160,227,228.7,224.31
01-09-2020,227.27,25791240,225.51,227.45,224.43
02-09-2020,231.65,34080840,227.97,232.86,227.35
03-09-2020,217.3,58400290,229.27,229.31,214.9602
04-09-2020,214.25,59664070,215.1,218.3599,205.19
08-09-2020,202.66,52924330,206.5,210.03,202.2
09-09-2020,211.29,45678990,207.6,214.8399,206.7
10-09-2020,205.37,35461510,213.4,214.74,204.11
11-09-2020,204.03,33620070,207.2,208.63,201.24
14-09-2020,205.41,30375770,204.24,209.2,204.03
15-09-2020,208.78,21823940,208.42,209.78,206.93
16-09-2020,205.05,26372460,210.62,210.65,204.64
17-09-2020,202.91,34011260,200.05,204.33,199.96
18-09-2020,200.39,55225330,202.8,203.65,196.25
21-09-2020,202.54,39839660,197.19,202.71,196.38
22-09-2020,207.42,33517070,205.06,208.1,202.075
23-09-2020,200.59,30803780,207.9,208.1,200.03
24-09-2020,203.19,31202490,199.85,205.57,199.2
25-09-2020,207.82,29437310,203.55,209.04,202.54
28-09-2020,209.44,32004940,210.88,212.57,208.06
29-09-2020,207.26,24464470,209.35,210.07,206.81
30-09-2020,210.33,33829090,207.73,211.98,206.54
01-10-2020,212.46,27158420,213.49,213.99,211.32
02-10-2020,206.19,33154780,208,210.99,205.54
05-10-2020,210.38,21331560,207.22,210.41,206.98
06-10-2020,205.91,28554260,208.82,210.18,204.82
07-10-2020,209.83,25681050,207.06,210.11,206.72
08-10-2020,210.58,19925840,210.51,211.19,208.32
09-10-2020,215.81,26458050,211.23,215.86,211.23
12-10-2020,221.4,40461370,218.79,223.86,216.81
13-10-2020,222.86,28950840,222.72,225.21,220.43
14-10-2020,220.86,23451710,223,224.22,219.13
15-10-2020,219.66,22733060,217.1,220.36,216.01
16-10-2020,219.66,26057880,220.15,222.29,219.32
19-10-2020,214.22,27625840,220.415,222.3,213.72
20-10-2020,214.65,22753510,215.8,217.37,213.0901
21-10-2020,214.8,22724910,213.12,216.92,213.12
22-10-2020,214.89,22351450,213.93,216.055,211.7
23-10-2020,216.23,18879610,215.03,216.28,213.16
26-10-2020,210.08,37111560,213.85,216.3399,208.1
27-10-2020,213.25,36700330,211.59,214.67,210.329
28-10-2020,202.68,51195590,207.67,208.84,202.1
29-10-2020,204.72,31432560,204.07,207.36,203.37
30-10-2020,202.47,36980110,203.5,204.29,199.62
02-11-2020,202.33,30842160,204.29,205.28,200.12
03-11-2020,206.43,27512030,203.89,208.12,203.12
04-11-2020,216.39,42311780,214.02,218.32,212.4185
05-11-2020,223.29,36080140,222.04,224.12,221.15
06-11-2020,223.72,25231900,222.26,224.36,218.03
09-11-2020,218.39,44394950,224.435,228.12,217.88
10-11-2020,211.01,44045120,214.5,216.5,209.72
11-11-2020,216.55,29440790,212.39,218.04,212.2
12-11-2020,215.44,21616120,217.21,219.11,214.46
13-11-2020,216.51,18630310,216.36,217.42,214.16
16-11-2020,217.23,24953340,214.87,217.74,214.52
17-11-2020,214.46,24154110,216.1,217.68,214.08
18-11-2020,211.08,28372790,213.65,215.17,210.93
19-11-2020,212.42,24792750,211.38,213.03,209.93
20-11-2020,210.39,22843120,212.2,213.285,210
23-11-2020,210.11,25683510,210.95,212.29,208.16
24-11-2020,213.86,33979730,209.59,214.25,208.86
25-11-2020,213.87,21012890,215.11,215.29,212.46
27-11-2020,215.23,14512210,214.85,216.27,214.04
30-11-2020,214.07,33064750,214.1,214.76,210.835
01-12-2020,216.21,30931320,214.51,217.32,213.35
02-12-2020,215.37,23724510,214.88,215.47,212.8
03-12-2020,214.24,25120920,214.61,216.3757,213.65
04-12-2020,214.36,24666040,214.22,215.38,213.18
07-12-2020,214.29,24620000,214.37,215.54,212.99
08-12-2020,216.01,23284090,213.97,216.95,212.89
09-12-2020,211.8,32440600,215.16,215.225,211.214
10-12-2020,210.52,26467020,211.77,213.08,210.36
11-12-2020,213.26,30979440,210.05,213.32,209.11
14-12-2020,214.2,28798380,213.1,216.21,212.88
15-12-2020,214.13,27018110,215.165,215.42,212.24
16-12-2020,219.28,35023250,214.75,220.11,214.72
17-12-2020,219.42,32515780,219.87,220.89,217.92
18-12-2020,218.59,63354920,218.59,219.69,216.02
21-12-2020,222.59,37181890,217.55,224,217.2801
22-12-2020,223.94,22643400,222.69,225.63,221.85
23-12-2020,221.02,18699640,223.11,223.5589,220.8
24-12-2020,222.75,10550570,221.42,223.61,221.2
28-12-2020,224.96,17933500,224.45,226.03,223.02
29-12-2020,224.15,17403210,226.31,227.18,223.58
30-12-2020,221.68,20272340,225.23,225.63,221.47
31-12-2020,222.42,20942130,221.7,223,219.68
04-01-2021,217.69,37130140,222.53,223,214.81
05-01-2021,217.9,23822950,217.26,218.52,215.7
06-01-2021,212.25,35930650,212.17,216.4899,211.94
07-01-2021,218.29,27694480,214.04,219.34,213.71
08-01-2021,219.62,22956210,218.68,220.58,217.0261
11-01-2021,217.49,23047030,218.47,218.91,216.73
12-01-2021,214.93,23249340,216.5,217.1,213.3202
13-01-2021,216.34,20087080,214.02,216.76,213.9266
14-01-2021,213.02,29346740,215.91,217.46,212.74
15-01-2021,212.65,31746510,213.52,214.51,212.03
19-01-2021,216.44,30480860,213.75,216.98,212.63
20-01-2021,224.34,37777260,217.7,225.79,217.2908
21-01-2021,224.97,30749550,224.7,226.3,222.42
22-01-2021,225.95,30172660,227.08,230.07,225.8
25-01-2021,229.53,33152100,229.12,229.78,224.22
26-01-2021,232.33,49169600,231.86,234.18,230.08
27-01-2021,232.9,69870640,238,240.44,230.14
28-01-2021,238.93,49111160,235.61,242.64,235.09
29-01-2021,231.96,42503140,235.99,238.02,231.35
01-02-2021,239.65,33314190,235.06,242.5,232.43
02-02-2021,239.51,25916340,241.3,242.31,238.69
03-02-2021,243,27158100,239.57,245.09,239.26
04-02-2021,242.01,25296100,242.66,243.2399,240.37
05-02-2021,242.2,18054750,242.23,243.28,240.42
08-02-2021,242.47,22211930,243.15,243.68,240.81
09-02-2021,243.77,23564950,241.87,244.76,241.38
10-02-2021,242.82,22186710,245,245.92,240.89
11-02-2021,244.49,15751060,244.78,245.15,242.15
12-02-2021,244.99,16561080,243.933,245.3,242.73
16-02-2021,243.7,26728490,245.03,246.13,242.92
17-02-2021,244.2,21673110,241.32,244.31,240.94
18-02-2021,243.79,16925560,241.8,243.93,240.86
19-02-2021,240.97,25262600,243.75,243.86,240.18
22-02-2021,234.51,36446940,237.42,237.93,232.4
23-02-2021,233.27,30228700,230.325,234.83,228.73
24-02-2021,234.55,26339750,230.01,235.2,229
25-02-2021,228.99,39542240,232.08,234.5852,227.88
26-02-2021,232.38,37819230,231.525,235.37,229.54
01-03-2021,236.94,25332840,235.9,237.47,233.15
02-03-2021,233.87,22812460,237.01,237.3,233.45
03-03-2021,227.56,34029530,232.155,233.5799,227.26
04-03-2021,226.73,44727790,226.735,232.49,224.26
05-03-2021,231.6,41872770,229.517,233.27,226.46
08-03-2021,227.39,35267440,231.37,233.365,227.13
09-03-2021,233.78,33080530,232.88,235.3839,231.67
10-03-2021,232.42,29746810,237,237,232.04
11-03-2021,237.13,29907590,234.96,239.17,234.31
12-03-2021,235.75,22653660,234.01,235.82,233.23
15-03-2021,234.81,26042670,234.96,235.185,231.81
16-03-2021,237.71,28092200,236.28,240.055,235.94
17-03-2021,237.04,29562100,236.15,238.55,233.23
18-03-2021,230.72,34852250,232.56,234.19,230.33
19-03-2021,230.35,46430730,231.02,232.474,229.3496
22-03-2021,235.99,30127010,230.27,236.9,230.14
23-03-2021,237.58,31638380,237.485,241.05,237.07
24-03-2021,235.46,25620130,237.845,238,235.32
25-03-2021,232.34,34061850,235.3,236.94,231.57
26-03-2021,236.48,25479850,231.55,236.71,231.55
29-03-2021,235.24,25227460,236.59,236.8,231.88
30-03-2021,231.85,24792010,233.525,233.85,231.1
31-03-2021,235.77,43623470,232.91,239.1,232.39
01-04-2021,242.35,30337980,238.47,242.84,238.0501
05-04-2021,249.07,36910610,242.76,249.96,242.7
06-04-2021,247.86,22931920,247.61,249.4,246.88
07-04-2021,249.9,22719840,247.81,250.93,247.19
08-04-2021,253.25,23625200,252.77,254.139,252
09-04-2021,255.85,24326830,252.87,255.99,252.44
12-04-2021,255.91,27148670,254.71,257.67,254.62
13-04-2021,258.49,23837470,257.257,259.19,256.83
14-04-2021,255.59,23070940,257.475,258.83,255.16
15-04-2021,259.5,25627480,257.931,259.93,257.73
16-04-2021,260.74,24878580,259.47,261,257.6014
19-04-2021,258.74,23209260,260.19,261.48,257.821
20-04-2021,258.26,19722880,257.82,260.2,256.84
21-04-2021,260.58,24030380,258.94,260.68,257.25
22-04-2021,257.17,25606150,260.21,261.78,255.64
23-04-2021,261.15,21499290,257.88,261.51,257.27
26-04-2021,261.55,19763350,261.66,262.435,260.17
27-04-2021,261.97,31014210,261.585,263.19,260.12
28-04-2021,254.56,46903120,256.078,256.5399,252.95
29-04-2021,252.51,40589020,255.46,256.1,249
30-04-2021,252.18,30945100,249.74,253.08,249.6
03-05-2021,251.86,19626570,253.4,254.35,251.12
04-05-2021,247.79,32756050,250.97,251.21,245.76
05-05-2021,246.47,21901330,249.06,249.5,245.82
06-05-2021,249.73,26491090,246.45,249.86,244.69
07-05-2021,252.46,27032910,252.15,254.3,251.17
10-05-2021,247.18,29299890,250.87,251.73,247.12
11-05-2021,246.23,33641590,244.55,246.6,242.57
12-05-2021,239,36684370,242.165,244.38,238.07
13-05-2021,243.03,29624300,241.8,245.6,241.42
14-05-2021,248.15,23901080,245.575,249.18,245.49
17-05-2021,245.18,24938180,246.55,246.59,243.52
18-05-2021,243.08,20167980,246.27,246.41,242.9
19-05-2021,243.12,25739810,239.31,243.23,238.6
20-05-2021,246.48,21800720,243.96,247.95,243.86
21-05-2021,245.17,21863060,247.565,248.33,244.74
24-05-2021,250.78,21411550,247.785,251.16,247.51
25-05-2021,251.72,17704300,251.769,252.75,250.82
26-05-2021,251.49,17771600,251.43,252.94,250.75
27-05-2021,249.31,24426240,251.17,251.48,249.25
28-05-2021,249.68,18274940,250.995,252.08,249.56
01-06-2021,247.4,23213310,251.23,251.29,246.96
02-06-2021,247.3,19406710,248.125,249.27,245.84
03-06-2021,245.71,25307710,245.22,246.34,243
04-06-2021,250.79,25281090,247.76,251.65,247.51
07-06-2021,253.81,23079170,249.98,254.09,249.81
08-06-2021,252.57,22455000,255.16,256.01,252.51
09-06-2021,253.59,17937630,253.81,255.53,253.21
